C:\Data\IMG\center_2020_06_03_13_41_12_404.jpg, C:\Data\IMG\left_2020_06_03_13_41_12_404.jpg, C:\Data\IMG\right_2020_06_03_13_41_12_404.jpg, 0, 0, 0, 7.8347E-05
C:\Data\IMG\center_2020_06_03_13_41_12_667.jpg, C:\Data\IMG\left_2020_06_03_13_41_12_667.jpg, C:\Data\IMG\right_2020_06_03_13_41_12_667.jpg, 0, 0, 0, 7.874311E-05
C:\Data\IMG\center_2020_06_03_13_41_12_798.jpg, C:\Data\IMG\left_2020_06_03_13_41_12_798.jpg, C:\Data\IMG\right_2020_06_03_13_41_12_798.jpg, 0, 0, 0, 7.824162E-05
C:\Data\IMG\center_2020_06_03_13_41_12_943.jpg, C:\Data\IMG\left_2020_06_03_13_41_12_943.jpg, C:\Data\IMG\right_2020_06_03_13_41_12_943.jpg, 0, 0, 0, 7.831759E-05
C:\Data\IMG\center_2020_06_03_13_41_13_082.jpg, C:\Data\IMG\left_2020_06_03_13_41_13_082.jpg, C:\Data\IMG\right_2020_06_03_13_41_13_082.jpg, 0, 0, 0, 7.819234E-05
C:\Data\IMG\center_2020_06_03_13_41_13_214.jpg, C:\Data\IMG\left_2020_06_03_13_41_13_214.jpg, C:\Data\IMG\right_2020_06_03_13_41_13_214.jpg, 0, 0, 0, 7.826274E-05
C:\Data\IMG\center_2020_06_03_13_41_13_356.jpg, C:\Data\IMG\left_2020_06_03_13_41_13_356.jpg, C:\Data\IMG\right_2020_06_03_13_41_13_356.jpg, 0, 0, 0, 7.969102E-05
C:\Data\IMG\center_2020_06_03_13_41_13_500.jpg, C:\Data\IMG\left_2020_06_03_13_41_13_500.jpg, C:\Data\IMG\right_2020_06_03_13_41_13_500.jpg, 0, 0, 0, 7.839001E-05
C:\Data\IMG\center_2020_06_03_13_41_13_636.jpg, C:\Data\IMG\left_2020_06_03_13_41_13_636.jpg, C:\Data\IMG\right_2020_06_03_13_41_13_636.jpg, 0, 0, 0, 7.775975E-05
C:\Data\IMG\center_2020_06_03_13_41_13_775.jpg, C:\Data\IMG\left_2020_06_03_13_41_13_775.jpg, C:\Data\IMG\right_2020_06_03_13_41_13_775.jpg, 0, 0, 0, 8.043848E-05
C:\Data\IMG\center_2020_06_03_13_41_13_916.jpg, C:\Data\IMG\left_2020_06_03_13_41_13_916.jpg, C:\Data\IMG\right_2020_06_03_13_41_13_916.jpg, 0, 0, 0, 7.794993E-05
C:\Data\IMG\center_2020_06_03_13_41_14_049.jpg, C:\Data\IMG\left_2020_06_03_13_41_14_049.jpg, C:\Data\IMG\right_2020_06_03_13_41_14_049.jpg, 0, 0, 0, 7.809413E-05
C:\Data\IMG\center_2020_06_03_13_41_14_199.jpg, C:\Data\IMG\left_2020_06_03_13_41_14_199.jpg, C:\Data\IMG\right_2020_06_03_13_41_14_199.jpg, 0, 0, 0, 7.841593E-05
C:\Data\IMG\center_2020_06_03_13_41_14_338.jpg, C:\Data\IMG\left_2020_06_03_13_41_14_338.jpg, C:\Data\IMG\right_2020_06_03_13_41_14_338.jpg, 0, 0, 0, 7.853829E-05
C:\Data\IMG\center_2020_06_03_13_41_14_478.jpg, C:\Data\IMG\left_2020_06_03_13_41_14_478.jpg, C:\Data\IMG\right_2020_06_03_13_41_14_478.jpg, 0, 0, 0, 7.994889E-05
C:\Data\IMG\center_2020_06_03_13_41_14_618.jpg, C:\Data\IMG\left_2020_06_03_13_41_14_618.jpg, C:\Data\IMG\right_2020_06_03_13_41_14_618.jpg, 0, 0, 0, 7.814969E-05
C:\Data\IMG\center_2020_06_03_13_41_14_750.jpg, C:\Data\IMG\left_2020_06_03_13_41_14_750.jpg, C:\Data\IMG\right_2020_06_03_13_41_14_750.jpg, 0, 0, 0, 7.804247E-05
C:\Data\IMG\center_2020_06_03_13_41_14_887.jpg, C:\Data\IMG\left_2020_06_03_13_41_14_887.jpg, C:\Data\IMG\right_2020_06_03_13_41_14_887.jpg, 0, 0, 0, 7.898763E-05
C:\Data\IMG\center_2020_06_03_13_41_15_025.jpg, C:\Data\IMG\left_2020_06_03_13_41_15_025.jpg, C:\Data\IMG\right_2020_06_03_13_41_15_025.jpg, 0, 0, 0, 7.835039E-05
C:\Data\IMG\center_2020_06_03_13_41_15_168.jpg, C:\Data\IMG\left_2020_06_03_13_41_15_168.jpg, C:\Data\IMG\right_2020_06_03_13_41_15_168.jpg, 0, 0, 0, 8.152334E-05
C:\Data\IMG\center_2020_06_03_13_41_15_312.jpg, C:\Data\IMG\left_2020_06_03_13_41_15_312.jpg, C:\Data\IMG\right_2020_06_03_13_41_15_312.jpg, 0, 0, 0, 7.951601E-05
C:\Data\IMG\center_2020_06_03_13_41_15_446.jpg, C:\Data\IMG\left_2020_06_03_13_41_15_446.jpg, C:\Data\IMG\right_2020_06_03_13_41_15_446.jpg, 0, 0, 0, 8.500099E-05
C:\Data\IMG\center_2020_06_03_13_41_15_586.jpg, C:\Data\IMG\left_2020_06_03_13_41_15_586.jpg, C:\Data\IMG\right_2020_06_03_13_41_15_586.jpg, 0, 0, 0, 8.060558E-05
C:\Data\IMG\center_2020_06_03_13_41_15_727.jpg, C:\Data\IMG\left_2020_06_03_13_41_15_727.jpg, C:\Data\IMG\right_2020_06_03_13_41_15_727.jpg, 0, 0, 0, 7.887328E-05
C:\Data\IMG\center_2020_06_03_13_41_15_865.jpg, C:\Data\IMG\left_2020_06_03_13_41_15_865.jpg, C:\Data\IMG\right_2020_06_03_13_41_15_865.jpg, 0, 0, 0, 7.845325E-05
C:\Data\IMG\center_2020_06_03_13_41_16_005.jpg, C:\Data\IMG\left_2020_06_03_13_41_16_005.jpg, C:\Data\IMG\right_2020_06_03_13_41_16_005.jpg, 0, 0, 0, 7.814081E-05
C:\Data\IMG\center_2020_06_03_13_41_16_147.jpg, C:\Data\IMG\left_2020_06_03_13_41_16_147.jpg, C:\Data\IMG\right_2020_06_03_13_41_16_147.jpg, 0, 0, 0, 7.83689E-05
C:\Data\IMG\center_2020_06_03_13_41_16_288.jpg, C:\Data\IMG\left_2020_06_03_13_41_16_288.jpg, C:\Data\IMG\right_2020_06_03_13_41_16_288.jpg, 0, 0, 0, 7.974105E-05
C:\Data\IMG\center_2020_06_03_13_41_16_422.jpg, C:\Data\IMG\left_2020_06_03_13_41_16_422.jpg, C:\Data\IMG\right_2020_06_03_13_41_16_422.jpg, 0, 0, 0, 8.025127E-05
C:\Data\IMG\center_2020_06_03_13_41_16_564.jpg, C:\Data\IMG\left_2020_06_03_13_41_16_564.jpg, C:\Data\IMG\right_2020_06_03_13_41_16_564.jpg, 0, 0, 0, 7.782047E-05
C:\Data\IMG\center_2020_06_03_13_41_16_702.jpg, C:\Data\IMG\left_2020_06_03_13_41_16_702.jpg, C:\Data\IMG\right_2020_06_03_13_41_16_702.jpg, 0, 0, 0, 7.904153E-05
C:\Data\IMG\center_2020_06_03_13_41_16_839.jpg, C:\Data\IMG\left_2020_06_03_13_41_16_839.jpg, C:\Data\IMG\right_2020_06_03_13_41_16_839.jpg, 0, 0, 0, 7.851851E-05
C:\Data\IMG\center_2020_06_03_13_41_16_972.jpg, C:\Data\IMG\left_2020_06_03_13_41_16_972.jpg, C:\Data\IMG\right_2020_06_03_13_41_16_972.jpg, 0, 0, 0, 7.854222E-05
C:\Data\IMG\center_2020_06_03_13_41_17_107.jpg, C:\Data\IMG\left_2020_06_03_13_41_17_107.jpg, C:\Data\IMG\right_2020_06_03_13_41_17_107.jpg, 0, 0, 0, 7.819261E-05
C:\Data\IMG\center_2020_06_03_13_41_17_251.jpg, C:\Data\IMG\left_2020_06_03_13_41_17_251.jpg, C:\Data\IMG\right_2020_06_03_13_41_17_251.jpg, -0.4323363, 0, 0, 9.776344E-05
C:\Data\IMG\center_2020_06_03_13_41_17_393.jpg, C:\Data\IMG\left_2020_06_03_13_41_17_393.jpg, C:\Data\IMG\right_2020_06_03_13_41_17_393.jpg, -0.8583816, 0, 0, 0.0001027564
C:\Data\IMG\center_2020_06_03_13_41_17_534.jpg, C:\Data\IMG\left_2020_06_03_13_41_17_534.jpg, C:\Data\IMG\right_2020_06_03_13_41_17_534.jpg, -1, 0, 0, 0.0001060755
C:\Data\IMG\center_2020_06_03_13_41_17_676.jpg, C:\Data\IMG\left_2020_06_03_13_41_17_676.jpg, C:\Data\IMG\right_2020_06_03_13_41_17_676.jpg, -0.5730129, 0, 0, 9.824828E-05
C:\Data\IMG\center_2020_06_03_13_41_17_817.jpg, C:\Data\IMG\left_2020_06_03_13_41_17_817.jpg, C:\Data\IMG\right_2020_06_03_13_41_17_817.jpg, -0.1511067, 0.4219062, 0, 0.6723054
C:\Data\IMG\center_2020_06_03_13_41_17_963.jpg, C:\Data\IMG\left_2020_06_03_13_41_17_963.jpg, C:\Data\IMG\right_2020_06_03_13_41_17_963.jpg, 0, 0.853707, 0, 2.048007
C:\Data\IMG\center_2020_06_03_13_41_18_094.jpg, C:\Data\IMG\left_2020_06_03_13_41_18_094.jpg, C:\Data\IMG\right_2020_06_03_13_41_18_094.jpg, 0, 1, 0, 3.68804
C:\Data\IMG\center_2020_06_03_13_41_18_238.jpg, C:\Data\IMG\left_2020_06_03_13_41_18_238.jpg, C:\Data\IMG\right_2020_06_03_13_41_18_238.jpg, -0.4311684, 0.5688316, 0, 4.562744
C:\Data\IMG\center_2020_06_03_13_41_18_377.jpg, C:\Data\IMG\left_2020_06_03_13_41_18_377.jpg, C:\Data\IMG\right_2020_06_03_13_41_18_377.jpg, -0.0124791, 0.1501423, 0, 4.750294
C:\Data\IMG\center_2020_06_03_13_41_18_520.jpg, C:\Data\IMG\left_2020_06_03_13_41_18_520.jpg, C:\Data\IMG\right_2020_06_03_13_41_18_520.jpg, 0, 0.578815, 0, 5.644546
C:\Data\IMG\center_2020_06_03_13_41_18_667.jpg, C:\Data\IMG\left_2020_06_03_13_41_18_667.jpg, C:\Data\IMG\right_2020_06_03_13_41_18_667.jpg, -0.4406757, 0.1381392, 0, 5.763753
C:\Data\IMG\center_2020_06_03_13_41_18_800.jpg, C:\Data\IMG\left_2020_06_03_13_41_18_800.jpg, C:\Data\IMG\right_2020_06_03_13_41_18_800.jpg, -0.04129773, 0, 0, 5.683218
C:\Data\IMG\center_2020_06_03_13_41_18_937.jpg, C:\Data\IMG\left_2020_06_03_13_41_18_937.jpg, C:\Data\IMG\right_2020_06_03_13_41_18_937.jpg, 0, 0, 0, 5.602749
C:\Data\IMG\center_2020_06_03_13_41_19_073.jpg, C:\Data\IMG\left_2020_06_03_13_41_19_073.jpg, C:\Data\IMG\right_2020_06_03_13_41_19_073.jpg, 0, 0.4063914, 0, 6.192497
C:\Data\IMG\center_2020_06_03_13_41_19_208.jpg, C:\Data\IMG\left_2020_06_03_13_41_19_208.jpg, C:\Data\IMG\right_2020_06_03_13_41_19_208.jpg, -0.4034463, 0.002945095, 0, 6.061435
C:\Data\IMG\center_2020_06_03_13_41_19_351.jpg, C:\Data\IMG\left_2020_06_03_13_41_19_351.jpg, C:\Data\IMG\right_2020_06_03_13_41_19_351.jpg, 0, 0, 0, 5.954061
C:\Data\IMG\center_2020_06_03_13_41_19_489.jpg, C:\Data\IMG\left_2020_06_03_13_41_19_489.jpg, C:\Data\IMG\right_2020_06_03_13_41_19_489.jpg, -0.4125717, 0, 0, 5.804519
C:\Data\IMG\center_2020_06_03_13_41_19_625.jpg, C:\Data\IMG\left_2020_06_03_13_41_19_625.jpg, C:\Data\IMG\right_2020_06_03_13_41_19_625.jpg, -0.8208927, 0, 0, 5.594172
C:\Data\IMG\center_2020_06_03_13_41_19_760.jpg, C:\Data\IMG\left_2020_06_03_13_41_19_760.jpg, C:\Data\IMG\right_2020_06_03_13_41_19_760.jpg, -0.4145229, 0, 0, 5.541943
C:\Data\IMG\center_2020_06_03_13_41_19_898.jpg, C:\Data\IMG\left_2020_06_03_13_41_19_898.jpg, C:\Data\IMG\right_2020_06_03_13_41_19_898.jpg, -0.002516091, 0, 0, 5.435885
C:\Data\IMG\center_2020_06_03_13_41_20_038.jpg, C:\Data\IMG\left_2020_06_03_13_41_20_038.jpg, C:\Data\IMG\right_2020_06_03_13_41_20_038.jpg, -0.4250307, 0, 0, 5.295444
C:\Data\IMG\center_2020_06_03_13_41_20_175.jpg, C:\Data\IMG\left_2020_06_03_13_41_20_175.jpg, C:\Data\IMG\right_2020_06_03_13_41_20_175.jpg, -0.01337701, 0, 0, 5.200876
C:\Data\IMG\center_2020_06_03_13_41_20_316.jpg, C:\Data\IMG\left_2020_06_03_13_41_20_316.jpg, C:\Data\IMG\right_2020_06_03_13_41_20_316.jpg, 0, 0, 0, 5.12783
C:\Data\IMG\center_2020_06_03_13_41_20_454.jpg, C:\Data\IMG\left_2020_06_03_13_41_20_454.jpg, C:\Data\IMG\right_2020_06_03_13_41_20_454.jpg, 0, 0, 0, 5.055946
C:\Data\IMG\center_2020_06_03_13_41_20_592.jpg, C:\Data\IMG\left_2020_06_03_13_41_20_592.jpg, C:\Data\IMG\right_2020_06_03_13_41_20_592.jpg, 0, 0, 0, 4.985071
C:\Data\IMG\center_2020_06_03_13_41_20_732.jpg, C:\Data\IMG\left_2020_06_03_13_41_20_732.jpg, C:\Data\IMG\right_2020_06_03_13_41_20_732.jpg, 0, 0, 0, 4.91518
C:\Data\IMG\center_2020_06_03_13_41_20_873.jpg, C:\Data\IMG\left_2020_06_03_13_41_20_873.jpg, C:\Data\IMG\right_2020_06_03_13_41_20_873.jpg, -0.4244784, 0, 0, 4.783276
C:\Data\IMG\center_2020_06_03_13_41_21_015.jpg, C:\Data\IMG\left_2020_06_03_13_41_21_015.jpg, C:\Data\IMG\right_2020_06_03_13_41_21_015.jpg, -0.8482359, 0, 0, 4.600266
C:\Data\IMG\center_2020_06_03_13_41_21_157.jpg, C:\Data\IMG\left_2020_06_03_13_41_21_157.jpg, C:\Data\IMG\right_2020_06_03_13_41_21_157.jpg, -0.4217871, 0, 0, 4.546354
C:\Data\IMG\center_2020_06_03_13_41_21_293.jpg, C:\Data\IMG\left_2020_06_03_13_41_21_293.jpg, C:\Data\IMG\right_2020_06_03_13_41_21_293.jpg, -0.0129033, 0, 0, 4.461727
C:\Data\IMG\center_2020_06_03_13_41_21_433.jpg, C:\Data\IMG\left_2020_06_03_13_41_21_433.jpg, C:\Data\IMG\right_2020_06_03_13_41_21_433.jpg, 0, 0, 0, 4.399099
C:\Data\IMG\center_2020_06_03_13_41_21_573.jpg, C:\Data\IMG\left_2020_06_03_13_41_21_573.jpg, C:\Data\IMG\right_2020_06_03_13_41_21_573.jpg, 0, 0, 0, 4.337442
C:\Data\IMG\center_2020_06_03_13_41_21_711.jpg, C:\Data\IMG\left_2020_06_03_13_41_21_711.jpg, C:\Data\IMG\right_2020_06_03_13_41_21_711.jpg, 0, 0, 0, 4.276648
C:\Data\IMG\center_2020_06_03_13_41_21_851.jpg, C:\Data\IMG\left_2020_06_03_13_41_21_851.jpg, C:\Data\IMG\right_2020_06_03_13_41_21_851.jpg, -0.4192665, 0, 0, 4.162931
C:\Data\IMG\center_2020_06_03_13_41_21_983.jpg, C:\Data\IMG\left_2020_06_03_13_41_21_983.jpg, C:\Data\IMG\right_2020_06_03_13_41_21_983.jpg, -0.02216521, 0, 0, 4.097817
C:\Data\IMG\center_2020_06_03_13_41_22_125.jpg, C:\Data\IMG\left_2020_06_03_13_41_22_125.jpg, C:\Data\IMG\right_2020_06_03_13_41_22_125.jpg, 0, 0, 0, 4.032066
C:\Data\IMG\center_2020_06_03_13_41_22_262.jpg, C:\Data\IMG\left_2020_06_03_13_41_22_262.jpg, C:\Data\IMG\right_2020_06_03_13_41_22_262.jpg, 0, 0, 0, 3.983579
C:\Data\IMG\center_2020_06_03_13_41_22_398.jpg, C:\Data\IMG\left_2020_06_03_13_41_22_398.jpg, C:\Data\IMG\right_2020_06_03_13_41_22_398.jpg, 0, 0, 0, 3.927747
C:\Data\IMG\center_2020_06_03_13_41_22_535.jpg, C:\Data\IMG\left_2020_06_03_13_41_22_535.jpg, C:\Data\IMG\right_2020_06_03_13_41_22_535.jpg, -0.4110159, 0, 0, 3.825131
C:\Data\IMG\center_2020_06_03_13_41_22_674.jpg, C:\Data\IMG\left_2020_06_03_13_41_22_674.jpg, C:\Data\IMG\right_2020_06_03_13_41_22_674.jpg, -0.8286387, 0, 0, 3.682297
C:\Data\IMG\center_2020_06_03_13_41_22_805.jpg, C:\Data\IMG\left_2020_06_03_13_41_22_805.jpg, C:\Data\IMG\right_2020_06_03_13_41_22_805.jpg, -0.4346382, 0, 0, 3.640048
C:\Data\IMG\center_2020_06_03_13_41_22_949.jpg, C:\Data\IMG\left_2020_06_03_13_41_22_949.jpg, C:\Data\IMG\right_2020_06_03_13_41_22_949.jpg, -0.00515455, 0, 0, 3.570394
C:\Data\IMG\center_2020_06_03_13_41_23_083.jpg, C:\Data\IMG\left_2020_06_03_13_41_23_083.jpg, C:\Data\IMG\right_2020_06_03_13_41_23_083.jpg, 0, 0, 0, 3.527439
C:\Data\IMG\center_2020_06_03_13_41_23_216.jpg, C:\Data\IMG\left_2020_06_03_13_41_23_216.jpg, C:\Data\IMG\right_2020_06_03_13_41_23_216.jpg, 0, 0, 0, 3.478003
C:\Data\IMG\center_2020_06_03_13_41_23_349.jpg, C:\Data\IMG\left_2020_06_03_13_41_23_349.jpg, C:\Data\IMG\right_2020_06_03_13_41_23_349.jpg, 0, 0, 0, 3.42926
C:\Data\IMG\center_2020_06_03_13_41_23_486.jpg, C:\Data\IMG\left_2020_06_03_13_41_23_486.jpg, C:\Data\IMG\right_2020_06_03_13_41_23_486.jpg, -0.4110951, 0, 0, 3.339543
C:\Data\IMG\center_2020_06_03_13_41_23_619.jpg, C:\Data\IMG\left_2020_06_03_13_41_23_619.jpg, C:\Data\IMG\right_2020_06_03_13_41_23_619.jpg, -0.01156655, 0, 0, 3.285837
C:\Data\IMG\center_2020_06_03_13_41_23_755.jpg, C:\Data\IMG\left_2020_06_03_13_41_23_755.jpg, C:\Data\IMG\right_2020_06_03_13_41_23_755.jpg, 0, 0, 0, 3.23966
C:\Data\IMG\center_2020_06_03_13_41_23_892.jpg, C:\Data\IMG\left_2020_06_03_13_41_23_892.jpg, C:\Data\IMG\right_2020_06_03_13_41_23_892.jpg, 0, 0, 0, 3.194262
C:\Data\IMG\center_2020_06_03_13_41_24_031.jpg, C:\Data\IMG\left_2020_06_03_13_41_24_031.jpg, C:\Data\IMG\right_2020_06_03_13_41_24_031.jpg, 0, 0, 0, 3.1495
C:\Data\IMG\center_2020_06_03_13_41_24_164.jpg, C:\Data\IMG\left_2020_06_03_13_41_24_164.jpg, C:\Data\IMG\right_2020_06_03_13_41_24_164.jpg, 0, 0.4019004, 0, 3.773065
C:\Data\IMG\center_2020_06_03_13_41_24_307.jpg, C:\Data\IMG\left_2020_06_03_13_41_24_307.jpg, C:\Data\IMG\right_2020_06_03_13_41_24_307.jpg, 0, 0, 0, 3.734953
C:\Data\IMG\center_2020_06_03_13_41_24_441.jpg, C:\Data\IMG\left_2020_06_03_13_41_24_441.jpg, C:\Data\IMG\right_2020_06_03_13_41_24_441.jpg, -0.4030683, 0, 0, 3.646853
C:\Data\IMG\center_2020_06_03_13_41_24_579.jpg, C:\Data\IMG\left_2020_06_03_13_41_24_579.jpg, C:\Data\IMG\right_2020_06_03_13_41_24_579.jpg, 0, 0, 0, 3.58089
C:\Data\IMG\center_2020_06_03_13_41_24_715.jpg, C:\Data\IMG\left_2020_06_03_13_41_24_715.jpg, C:\Data\IMG\right_2020_06_03_13_41_24_715.jpg, 0, 0, 0, 3.530693
C:\Data\IMG\center_2020_06_03_13_41_24_845.jpg, C:\Data\IMG\left_2020_06_03_13_41_24_845.jpg, C:\Data\IMG\right_2020_06_03_13_41_24_845.jpg, 0, 0, 0, 3.481208
C:\Data\IMG\center_2020_06_03_13_41_24_981.jpg, C:\Data\IMG\left_2020_06_03_13_41_24_981.jpg, C:\Data\IMG\right_2020_06_03_13_41_24_981.jpg, 0, 0, 0, 3.439343
C:\Data\IMG\center_2020_06_03_13_41_25_114.jpg, C:\Data\IMG\left_2020_06_03_13_41_25_114.jpg, C:\Data\IMG\right_2020_06_03_13_41_25_114.jpg, 0, 0, 0, 3.391136
C:\Data\IMG\center_2020_06_03_13_41_25_250.jpg, C:\Data\IMG\left_2020_06_03_13_41_25_250.jpg, C:\Data\IMG\right_2020_06_03_13_41_25_250.jpg, -0.4091958, 0, 0, 3.302704
C:\Data\IMG\center_2020_06_03_13_41_25_384.jpg, C:\Data\IMG\left_2020_06_03_13_41_25_384.jpg, C:\Data\IMG\right_2020_06_03_13_41_25_384.jpg, -0.8093657, 0, 0, 3.192546
C:\Data\IMG\center_2020_06_03_13_41_25_524.jpg, C:\Data\IMG\left_2020_06_03_13_41_25_524.jpg, C:\Data\IMG\right_2020_06_03_13_41_25_524.jpg, -1, 0, 0, 3.092338
C:\Data\IMG\center_2020_06_03_13_41_25_660.jpg, C:\Data\IMG\left_2020_06_03_13_41_25_660.jpg, C:\Data\IMG\right_2020_06_03_13_41_25_660.jpg, -1, 0.4082595, 0, 3.690363
C:\Data\IMG\center_2020_06_03_13_41_25_799.jpg, C:\Data\IMG\left_2020_06_03_13_41_25_799.jpg, C:\Data\IMG\right_2020_06_03_13_41_25_799.jpg, -0.5845756, 0, 0, 3.662313
C:\Data\IMG\center_2020_06_03_13_41_25_935.jpg, C:\Data\IMG\left_2020_06_03_13_41_25_935.jpg, C:\Data\IMG\right_2020_06_03_13_41_25_935.jpg, -0.1733092, 0, 0, 3.604587
C:\Data\IMG\center_2020_06_03_13_41_26_072.jpg, C:\Data\IMG\left_2020_06_03_13_41_26_072.jpg, C:\Data\IMG\right_2020_06_03_13_41_26_072.jpg, 0, 0, 0, 3.55083
C:\Data\IMG\center_2020_06_03_13_41_26_210.jpg, C:\Data\IMG\left_2020_06_03_13_41_26_210.jpg, C:\Data\IMG\right_2020_06_03_13_41_26_210.jpg, 0.4165833, 0, 0, 3.456099
C:\Data\IMG\center_2020_06_03_13_41_26_342.jpg, C:\Data\IMG\left_2020_06_03_13_41_26_342.jpg, C:\Data\IMG\right_2020_06_03_13_41_26_342.jpg, 0.02231997, 0, 0, 3.401838
C:\Data\IMG\center_2020_06_03_13_41_26_480.jpg, C:\Data\IMG\left_2020_06_03_13_41_26_480.jpg, C:\Data\IMG\right_2020_06_03_13_41_26_480.jpg, 0, 0, 0, 3.354046
C:\Data\IMG\center_2020_06_03_13_41_26_619.jpg, C:\Data\IMG\left_2020_06_03_13_41_26_619.jpg, C:\Data\IMG\right_2020_06_03_13_41_26_619.jpg, 0, 0, 0, 3.307037
C:\Data\IMG\center_2020_06_03_13_41_26_750.jpg, C:\Data\IMG\left_2020_06_03_13_41_26_750.jpg, C:\Data\IMG\right_2020_06_03_13_41_26_750.jpg, 0, 0, 0, 3.260688
C:\Data\IMG\center_2020_06_03_13_41_26_889.jpg, C:\Data\IMG\left_2020_06_03_13_41_26_889.jpg, C:\Data\IMG\right_2020_06_03_13_41_26_889.jpg, 0, 0, 0, 3.214986
C:\Data\IMG\center_2020_06_03_13_41_27_036.jpg, C:\Data\IMG\left_2020_06_03_13_41_27_036.jpg, C:\Data\IMG\right_2020_06_03_13_41_27_036.jpg, 0, 0.4392573, 0, 3.901502
C:\Data\IMG\center_2020_06_03_13_41_27_174.jpg, C:\Data\IMG\left_2020_06_03_13_41_27_174.jpg, C:\Data\IMG\right_2020_06_03_13_41_27_174.jpg, 0, 0.8539349, 0, 5.27123
C:\Data\IMG\center_2020_06_03_13_41_27_315.jpg, C:\Data\IMG\left_2020_06_03_13_41_27_315.jpg, C:\Data\IMG\right_2020_06_03_13_41_27_315.jpg, 0, 1, 0, 6.875302
C:\Data\IMG\center_2020_06_03_13_41_27_453.jpg, C:\Data\IMG\left_2020_06_03_13_41_27_453.jpg, C:\Data\IMG\right_2020_06_03_13_41_27_453.jpg, 0, 1, 0, 8.46526
C:\Data\IMG\center_2020_06_03_13_41_27_592.jpg, C:\Data\IMG\left_2020_06_03_13_41_27_592.jpg, C:\Data\IMG\right_2020_06_03_13_41_27_592.jpg, 0, 0.5851135, 0, 9.366496
C:\Data\IMG\center_2020_06_03_13_41_27_734.jpg, C:\Data\IMG\left_2020_06_03_13_41_27_734.jpg, C:\Data\IMG\right_2020_06_03_13_41_27_734.jpg, 0, 0.1597345, 0, 9.537879
C:\Data\IMG\center_2020_06_03_13_41_27_878.jpg, C:\Data\IMG\left_2020_06_03_13_41_27_878.jpg, C:\Data\IMG\right_2020_06_03_13_41_27_878.jpg, -0.4333212, 0, 0, 9.29616
C:\Data\IMG\center_2020_06_03_13_41_28_017.jpg, C:\Data\IMG\left_2020_06_03_13_41_28_017.jpg, C:\Data\IMG\right_2020_06_03_13_41_28_017.jpg, -0.01537436, 0, 0, 9.137884
C:\Data\IMG\center_2020_06_03_13_41_28_158.jpg, C:\Data\IMG\left_2020_06_03_13_41_28_158.jpg, C:\Data\IMG\right_2020_06_03_13_41_28_158.jpg, 0, 0, 0, 9.008946
C:\Data\IMG\center_2020_06_03_13_41_28_295.jpg, C:\Data\IMG\left_2020_06_03_13_41_28_295.jpg, C:\Data\IMG\right_2020_06_03_13_41_28_295.jpg, 0, 0, 0, 8.882608
C:\Data\IMG\center_2020_06_03_13_41_28_431.jpg, C:\Data\IMG\left_2020_06_03_13_41_28_431.jpg, C:\Data\IMG\right_2020_06_03_13_41_28_431.jpg, 0, 0, 0, 8.758061
C:\Data\IMG\center_2020_06_03_13_41_28_563.jpg, C:\Data\IMG\left_2020_06_03_13_41_28_563.jpg, C:\Data\IMG\right_2020_06_03_13_41_28_563.jpg, 0, 0, 0, 8.652696
C:\Data\IMG\center_2020_06_03_13_41_28_697.jpg, C:\Data\IMG\left_2020_06_03_13_41_28_697.jpg, C:\Data\IMG\right_2020_06_03_13_41_28_697.jpg, -0.4009749, 0, 0, 8.43657
C:\Data\IMG\center_2020_06_03_13_41_28_837.jpg, C:\Data\IMG\left_2020_06_03_13_41_28_837.jpg, C:\Data\IMG\right_2020_06_03_13_41_28_837.jpg, -0.8206966, 0, 0, 8.124029
C:\Data\IMG\center_2020_06_03_13_41_28_976.jpg, C:\Data\IMG\left_2020_06_03_13_41_28_976.jpg, C:\Data\IMG\right_2020_06_03_13_41_28_976.jpg, -0.4019184, 0, 0, 8.030329
C:\Data\IMG\center_2020_06_03_13_41_29_122.jpg, C:\Data\IMG\left_2020_06_03_13_41_29_122.jpg, C:\Data\IMG\right_2020_06_03_13_41_29_122.jpg, 0, 0, 0, 7.878415
C:\Data\IMG\center_2020_06_03_13_41_29_255.jpg, C:\Data\IMG\left_2020_06_03_13_41_29_255.jpg, C:\Data\IMG\right_2020_06_03_13_41_29_255.jpg, 0, 0, 0, 7.767579
C:\Data\IMG\center_2020_06_03_13_41_29_399.jpg, C:\Data\IMG\left_2020_06_03_13_41_29_399.jpg, C:\Data\IMG\right_2020_06_03_13_41_29_399.jpg, 0, 0, 0, 7.658665
C:\Data\IMG\center_2020_06_03_13_41_29_538.jpg, C:\Data\IMG\left_2020_06_03_13_41_29_538.jpg, C:\Data\IMG\right_2020_06_03_13_41_29_538.jpg, 0, 0, 0, 7.551285
C:\Data\IMG\center_2020_06_03_13_41_29_671.jpg, C:\Data\IMG\left_2020_06_03_13_41_29_671.jpg, C:\Data\IMG\right_2020_06_03_13_41_29_671.jpg, 0.4026213, 0, 0, 7.360911
C:\Data\IMG\center_2020_06_03_13_41_29_813.jpg, C:\Data\IMG\left_2020_06_03_13_41_29_813.jpg, C:\Data\IMG\right_2020_06_03_13_41_29_813.jpg, 0, 0, 0, 7.232424
C:\Data\IMG\center_2020_06_03_13_41_29_952.jpg, C:\Data\IMG\left_2020_06_03_13_41_29_952.jpg, C:\Data\IMG\right_2020_06_03_13_41_29_952.jpg, 0, 0, 0, 7.13083
C:\Data\IMG\center_2020_06_03_13_41_30_095.jpg, C:\Data\IMG\left_2020_06_03_13_41_30_095.jpg, C:\Data\IMG\right_2020_06_03_13_41_30_095.jpg, 0, 0, 0, 7.030852
C:\Data\IMG\center_2020_06_03_13_41_30_227.jpg, C:\Data\IMG\left_2020_06_03_13_41_30_227.jpg, C:\Data\IMG\right_2020_06_03_13_41_30_227.jpg, -0.3961989, 0, 0, 6.85559
C:\Data\IMG\center_2020_06_03_13_41_30_361.jpg, C:\Data\IMG\left_2020_06_03_13_41_30_361.jpg, C:\Data\IMG\right_2020_06_03_13_41_30_361.jpg, 0, 0, 0, 6.749681
C:\Data\IMG\center_2020_06_03_13_41_30_500.jpg, C:\Data\IMG\left_2020_06_03_13_41_30_500.jpg, C:\Data\IMG\right_2020_06_03_13_41_30_500.jpg, 0, 0, 0, 6.654768
C:\Data\IMG\center_2020_06_03_13_41_30_636.jpg, C:\Data\IMG\left_2020_06_03_13_41_30_636.jpg, C:\Data\IMG\right_2020_06_03_13_41_30_636.jpg, 0, 0, 0, 6.561463
C:\Data\IMG\center_2020_06_03_13_41_30_766.jpg, C:\Data\IMG\left_2020_06_03_13_41_30_766.jpg, C:\Data\IMG\right_2020_06_03_13_41_30_766.jpg, 0, 0, 0, 6.469337
C:\Data\IMG\center_2020_06_03_13_41_30_899.jpg, C:\Data\IMG\left_2020_06_03_13_41_30_899.jpg, C:\Data\IMG\right_2020_06_03_13_41_30_899.jpg, 0, 0, 0, 6.391512
C:\Data\IMG\center_2020_06_03_13_41_31_045.jpg, C:\Data\IMG\left_2020_06_03_13_41_31_045.jpg, C:\Data\IMG\right_2020_06_03_13_41_31_045.jpg, -0.4357437, 0, 0, 6.203036
C:\Data\IMG\center_2020_06_03_13_41_31_180.jpg, C:\Data\IMG\left_2020_06_03_13_41_31_180.jpg, C:\Data\IMG\right_2020_06_03_13_41_31_180.jpg, -0.8426389, 0, 0, 5.993958
C:\Data\IMG\center_2020_06_03_13_41_31_316.jpg, C:\Data\IMG\left_2020_06_03_13_41_31_316.jpg, C:\Data\IMG\right_2020_06_03_13_41_31_316.jpg, -0.4344423, 0, 0, 5.926649
C:\Data\IMG\center_2020_06_03_13_41_31_440.jpg, C:\Data\IMG\left_2020_06_03_13_41_31_440.jpg, C:\Data\IMG\right_2020_06_03_13_41_31_440.jpg, -0.06109982, 0, 0, 5.836833
C:\Data\IMG\center_2020_06_03_13_41_31_575.jpg, C:\Data\IMG\left_2020_06_03_13_41_31_575.jpg, C:\Data\IMG\right_2020_06_03_13_41_31_575.jpg, 0, 0, 0, 5.75362
C:\Data\IMG\center_2020_06_03_13_41_31_709.jpg, C:\Data\IMG\left_2020_06_03_13_41_31_709.jpg, C:\Data\IMG\right_2020_06_03_13_41_31_709.jpg, 0, 0, 0, 5.67284
C:\Data\IMG\center_2020_06_03_13_41_31_850.jpg, C:\Data\IMG\left_2020_06_03_13_41_31_850.jpg, C:\Data\IMG\right_2020_06_03_13_41_31_850.jpg, 0, 0, 0, 5.593155
C:\Data\IMG\center_2020_06_03_13_41_31_986.jpg, C:\Data\IMG\left_2020_06_03_13_41_31_986.jpg, C:\Data\IMG\right_2020_06_03_13_41_31_986.jpg, 0, 0, 0, 5.514735
C:\Data\IMG\center_2020_06_03_13_41_32_122.jpg, C:\Data\IMG\left_2020_06_03_13_41_32_122.jpg, C:\Data\IMG\right_2020_06_03_13_41_32_122.jpg, -0.4067736, 0, 0, 5.384934
C:\Data\IMG\center_2020_06_03_13_41_32_269.jpg, C:\Data\IMG\left_2020_06_03_13_41_32_269.jpg, C:\Data\IMG\right_2020_06_03_13_41_32_269.jpg, -0.8471258, 0, 0, 5.157691
C:\Data\IMG\center_2020_06_03_13_41_32_411.jpg, C:\Data\IMG\left_2020_06_03_13_41_32_411.jpg, C:\Data\IMG\right_2020_06_03_13_41_32_411.jpg, -0.4226625, 0, 0, 5.097503
C:\Data\IMG\center_2020_06_03_13_41_32_553.jpg, C:\Data\IMG\left_2020_06_03_13_41_32_553.jpg, C:\Data\IMG\right_2020_06_03_13_41_32_553.jpg, 0, 0, 0, 4.999482
C:\Data\IMG\center_2020_06_03_13_41_32_701.jpg, C:\Data\IMG\left_2020_06_03_13_41_32_701.jpg, C:\Data\IMG\right_2020_06_03_13_41_32_701.jpg, 0, 0, 0, 4.929338
C:\Data\IMG\center_2020_06_03_13_41_32_842.jpg, C:\Data\IMG\left_2020_06_03_13_41_32_842.jpg, C:\Data\IMG\right_2020_06_03_13_41_32_842.jpg, 0.4218195, 0, 0, 4.797627
C:\Data\IMG\center_2020_06_03_13_41_32_984.jpg, C:\Data\IMG\left_2020_06_03_13_41_32_984.jpg, C:\Data\IMG\right_2020_06_03_13_41_32_984.jpg, 0, 0, 0, 4.709362
C:\Data\IMG\center_2020_06_03_13_41_33_128.jpg, C:\Data\IMG\left_2020_06_03_13_41_33_128.jpg, C:\Data\IMG\right_2020_06_03_13_41_33_128.jpg, 0, 0, 0, 4.63395
C:\Data\IMG\center_2020_06_03_13_41_33_270.jpg, C:\Data\IMG\left_2020_06_03_13_41_33_270.jpg, C:\Data\IMG\right_2020_06_03_13_41_33_270.jpg, 0, 0, 0, 4.568985
C:\Data\IMG\center_2020_06_03_13_41_33_413.jpg, C:\Data\IMG\left_2020_06_03_13_41_33_413.jpg, C:\Data\IMG\right_2020_06_03_13_41_33_413.jpg, 0, 0, 0, 4.504931
C:\Data\IMG\center_2020_06_03_13_41_33_554.jpg, C:\Data\IMG\left_2020_06_03_13_41_33_554.jpg, C:\Data\IMG\right_2020_06_03_13_41_33_554.jpg, 0, 0, 0, 4.441775
C:\Data\IMG\center_2020_06_03_13_41_33_692.jpg, C:\Data\IMG\left_2020_06_03_13_41_33_692.jpg, C:\Data\IMG\right_2020_06_03_13_41_33_692.jpg, 0, 0, 0, 4.379504
C:\Data\IMG\center_2020_06_03_13_41_33_829.jpg, C:\Data\IMG\left_2020_06_03_13_41_33_829.jpg, C:\Data\IMG\right_2020_06_03_13_41_33_829.jpg, 0, 0, 0, 4.318106
C:\Data\IMG\center_2020_06_03_13_41_33_967.jpg, C:\Data\IMG\left_2020_06_03_13_41_33_967.jpg, C:\Data\IMG\right_2020_06_03_13_41_33_967.jpg, -0.4156983, 0.4156983, 0, 4.889684
C:\Data\IMG\center_2020_06_03_13_41_34_103.jpg, C:\Data\IMG\left_2020_06_03_13_41_34_103.jpg, C:\Data\IMG\right_2020_06_03_13_41_34_103.jpg, -0.007501215, 0.8238955, 0, 5.986125
C:\Data\IMG\center_2020_06_03_13_41_34_241.jpg, C:\Data\IMG\left_2020_06_03_13_41_34_241.jpg, C:\Data\IMG\right_2020_06_03_13_41_34_241.jpg, 0, 1, 0, 7.577878
C:\Data\IMG\center_2020_06_03_13_41_34_374.jpg, C:\Data\IMG\left_2020_06_03_13_41_34_374.jpg, C:\Data\IMG\right_2020_06_03_13_41_34_374.jpg, 0, 1, 0, 9.158294
C:\Data\IMG\center_2020_06_03_13_41_34_513.jpg, C:\Data\IMG\left_2020_06_03_13_41_34_513.jpg, C:\Data\IMG\right_2020_06_03_13_41_34_513.jpg, 0, 0.5836069, 0, 10.04933
C:\Data\IMG\center_2020_06_03_13_41_34_651.jpg, C:\Data\IMG\left_2020_06_03_13_41_34_651.jpg, C:\Data\IMG\right_2020_06_03_13_41_34_651.jpg, 0, 0.1673485, 0, 10.22513
C:\Data\IMG\center_2020_06_03_13_41_34_790.jpg, C:\Data\IMG\left_2020_06_03_13_41_34_790.jpg, C:\Data\IMG\right_2020_06_03_13_41_34_790.jpg, 0, 0, 0, 10.09565
C:\Data\IMG\center_2020_06_03_13_41_34_925.jpg, C:\Data\IMG\left_2020_06_03_13_41_34_925.jpg, C:\Data\IMG\right_2020_06_03_13_41_34_925.jpg, 0, 0, 0, 9.954077
C:\Data\IMG\center_2020_06_03_13_41_35_069.jpg, C:\Data\IMG\left_2020_06_03_13_41_35_069.jpg, C:\Data\IMG\right_2020_06_03_13_41_35_069.jpg, 0, 0.4329447, 0, 10.51316
C:\Data\IMG\center_2020_06_03_13_41_35_204.jpg, C:\Data\IMG\left_2020_06_03_13_41_35_204.jpg, C:\Data\IMG\right_2020_06_03_13_41_35_204.jpg, 0, 0.02640122, 0, 10.44439
C:\Data\IMG\center_2020_06_03_13_41_35_342.jpg, C:\Data\IMG\left_2020_06_03_13_41_35_342.jpg, C:\Data\IMG\right_2020_06_03_13_41_35_342.jpg, 0, 0, 0, 10.32092
C:\Data\IMG\center_2020_06_03_13_41_35_489.jpg, C:\Data\IMG\left_2020_06_03_13_41_35_489.jpg, C:\Data\IMG\right_2020_06_03_13_41_35_489.jpg, 0, 0, 0, 10.15567
C:\Data\IMG\center_2020_06_03_13_41_35_628.jpg, C:\Data\IMG\left_2020_06_03_13_41_35_628.jpg, C:\Data\IMG\right_2020_06_03_13_41_35_628.jpg, 0, 0, 0, 10.01326
C:\Data\IMG\center_2020_06_03_13_41_35_764.jpg, C:\Data\IMG\left_2020_06_03_13_41_35_764.jpg, C:\Data\IMG\right_2020_06_03_13_41_35_764.jpg, 0, 0, 0, 9.892778
C:\Data\IMG\center_2020_06_03_13_41_35_897.jpg, C:\Data\IMG\left_2020_06_03_13_41_35_897.jpg, C:\Data\IMG\right_2020_06_03_13_41_35_897.jpg, -0.4020186, 0, 0, 9.647037
C:\Data\IMG\center_2020_06_03_13_41_36_029.jpg, C:\Data\IMG\left_2020_06_03_13_41_36_029.jpg, C:\Data\IMG\right_2020_06_03_13_41_36_029.jpg, -0.7967637, 0, 0, 9.308208
C:\Data\IMG\center_2020_06_03_13_41_36_174.jpg, C:\Data\IMG\left_2020_06_03_13_41_36_174.jpg, C:\Data\IMG\right_2020_06_03_13_41_36_174.jpg, -0.3612815, 0, 0, 9.196134
C:\Data\IMG\center_2020_06_03_13_41_36_305.jpg, C:\Data\IMG\left_2020_06_03_13_41_36_305.jpg, C:\Data\IMG\right_2020_06_03_13_41_36_305.jpg, 0, 0, 0, 9.029541
C:\Data\IMG\center_2020_06_03_13_41_36_451.jpg, C:\Data\IMG\left_2020_06_03_13_41_36_451.jpg, C:\Data\IMG\right_2020_06_03_13_41_36_451.jpg, 0, 0, 0, 8.90238
C:\Data\IMG\center_2020_06_03_13_41_36_593.jpg, C:\Data\IMG\left_2020_06_03_13_41_36_593.jpg, C:\Data\IMG\right_2020_06_03_13_41_36_593.jpg, 0, 0, 0, 8.777537
C:\Data\IMG\center_2020_06_03_13_41_36_734.jpg, C:\Data\IMG\left_2020_06_03_13_41_36_734.jpg, C:\Data\IMG\right_2020_06_03_13_41_36_734.jpg, 0, 0, 0, 8.654457
C:\Data\IMG\center_2020_06_03_13_41_36_874.jpg, C:\Data\IMG\left_2020_06_03_13_41_36_874.jpg, C:\Data\IMG\right_2020_06_03_13_41_36_874.jpg, 0, 0, 0, 8.533103
C:\Data\IMG\center_2020_06_03_13_41_37_013.jpg, C:\Data\IMG\left_2020_06_03_13_41_37_013.jpg, C:\Data\IMG\right_2020_06_03_13_41_37_013.jpg, 0, 0, 0, 8.41345
C:\Data\IMG\center_2020_06_03_13_41_37_156.jpg, C:\Data\IMG\left_2020_06_03_13_41_37_156.jpg, C:\Data\IMG\right_2020_06_03_13_41_37_156.jpg, 0, 0, 0, 8.295475
C:\Data\IMG\center_2020_06_03_13_41_37_298.jpg, C:\Data\IMG\left_2020_06_03_13_41_37_298.jpg, C:\Data\IMG\right_2020_06_03_13_41_37_298.jpg, 0, 0, 0, 8.179029
C:\Data\IMG\center_2020_06_03_13_41_37_436.jpg, C:\Data\IMG\left_2020_06_03_13_41_37_436.jpg, C:\Data\IMG\right_2020_06_03_13_41_37_436.jpg, 0, 0, 0, 8.064346
C:\Data\IMG\center_2020_06_03_13_41_37_572.jpg, C:\Data\IMG\left_2020_06_03_13_41_37_572.jpg, C:\Data\IMG\right_2020_06_03_13_41_37_572.jpg, 0, 0, 0, 7.95127
C:\Data\IMG\center_2020_06_03_13_41_37_713.jpg, C:\Data\IMG\left_2020_06_03_13_41_37_713.jpg, C:\Data\IMG\right_2020_06_03_13_41_37_713.jpg, 0, 0, 0, 7.839776
C:\Data\IMG\center_2020_06_03_13_41_37_847.jpg, C:\Data\IMG\left_2020_06_03_13_41_37_847.jpg, C:\Data\IMG\right_2020_06_03_13_41_37_847.jpg, 0, 0, 0, 7.729844
C:\Data\IMG\center_2020_06_03_13_41_37_987.jpg, C:\Data\IMG\left_2020_06_03_13_41_37_987.jpg, C:\Data\IMG\right_2020_06_03_13_41_37_987.jpg, 0, 0, 0, 7.621455
C:\Data\IMG\center_2020_06_03_13_41_38_125.jpg, C:\Data\IMG\left_2020_06_03_13_41_38_125.jpg, C:\Data\IMG\right_2020_06_03_13_41_38_125.jpg, 0, 0, 0, 7.514487
C:\Data\IMG\center_2020_06_03_13_41_38_264.jpg, C:\Data\IMG\left_2020_06_03_13_41_38_264.jpg, C:\Data\IMG\right_2020_06_03_13_41_38_264.jpg, 0, 0, 0, 7.409119
C:\Data\IMG\center_2020_06_03_13_41_38_401.jpg, C:\Data\IMG\left_2020_06_03_13_41_38_401.jpg, C:\Data\IMG\right_2020_06_03_13_41_38_401.jpg, 0, 0, 0, 7.319981
C:\Data\IMG\center_2020_06_03_13_41_38_543.jpg, C:\Data\IMG\left_2020_06_03_13_41_38_543.jpg, C:\Data\IMG\right_2020_06_03_13_41_38_543.jpg, 0, 0, 0, 7.217342
C:\Data\IMG\center_2020_06_03_13_41_38_684.jpg, C:\Data\IMG\left_2020_06_03_13_41_38_684.jpg, C:\Data\IMG\right_2020_06_03_13_41_38_684.jpg, 0, 0, 0, 7.116144
C:\Data\IMG\center_2020_06_03_13_41_38_825.jpg, C:\Data\IMG\left_2020_06_03_13_41_38_825.jpg, C:\Data\IMG\right_2020_06_03_13_41_38_825.jpg, 0, 0, 0, 7.002226
C:\Data\IMG\center_2020_06_03_13_41_38_979.jpg, C:\Data\IMG\left_2020_06_03_13_41_38_979.jpg, C:\Data\IMG\right_2020_06_03_13_41_38_979.jpg, 0, 0, 0, 6.904044
C:\Data\IMG\center_2020_06_03_13_42_08_097.jpg, C:\Data\IMG\left_2020_06_03_13_42_08_097.jpg, C:\Data\IMG\right_2020_06_03_13_42_08_097.jpg, 0, 0, 0, 0.4831599
C:\Data\IMG\center_2020_06_03_13_42_08_362.jpg, C:\Data\IMG\left_2020_06_03_13_42_08_362.jpg, C:\Data\IMG\right_2020_06_03_13_42_08_362.jpg, 0, 0, 0, 0.4698867
C:\Data\IMG\center_2020_06_03_13_42_08_503.jpg, C:\Data\IMG\left_2020_06_03_13_42_08_503.jpg, C:\Data\IMG\right_2020_06_03_13_42_08_503.jpg, 0, 0, 0, 0.4628912
C:\Data\IMG\center_2020_06_03_13_42_08_649.jpg, C:\Data\IMG\left_2020_06_03_13_42_08_649.jpg, C:\Data\IMG\right_2020_06_03_13_42_08_649.jpg, 0, 0, 0, 0.4550238
C:\Data\IMG\center_2020_06_03_13_42_08_787.jpg, C:\Data\IMG\left_2020_06_03_13_42_08_787.jpg, C:\Data\IMG\right_2020_06_03_13_42_08_787.jpg, 0, 0, 0, 0.4482496
C:\Data\IMG\center_2020_06_03_13_42_08_929.jpg, C:\Data\IMG\left_2020_06_03_13_42_08_929.jpg, C:\Data\IMG\right_2020_06_03_13_42_08_929.jpg, 0, 0, 0, 0.4415763
C:\Data\IMG\center_2020_06_03_13_42_09_074.jpg, C:\Data\IMG\left_2020_06_03_13_42_09_074.jpg, C:\Data\IMG\right_2020_06_03_13_42_09_074.jpg, 0, 0, 0, 0.4350026
C:\Data\IMG\center_2020_06_03_13_42_09_217.jpg, C:\Data\IMG\left_2020_06_03_13_42_09_217.jpg, C:\Data\IMG\right_2020_06_03_13_42_09_217.jpg, 0, 0, 0, 0.4285267
C:\Data\IMG\center_2020_06_03_13_42_09_342.jpg, C:\Data\IMG\left_2020_06_03_13_42_09_342.jpg, C:\Data\IMG\right_2020_06_03_13_42_09_342.jpg, 0, 0, 0, 0.4230525
C:\Data\IMG\center_2020_06_03_13_42_09_475.jpg, C:\Data\IMG\left_2020_06_03_13_42_09_475.jpg, C:\Data\IMG\right_2020_06_03_13_42_09_475.jpg, 0, 0, 0, 0.4167543
C:\Data\IMG\center_2020_06_03_13_42_09_622.jpg, C:\Data\IMG\left_2020_06_03_13_42_09_622.jpg, C:\Data\IMG\right_2020_06_03_13_42_09_622.jpg, 0, 0.4271457, 0, 0.2650072
C:\Data\IMG\center_2020_06_03_13_42_09_762.jpg, C:\Data\IMG\left_2020_06_03_13_42_09_762.jpg, C:\Data\IMG\right_2020_06_03_13_42_09_762.jpg, 0, 0.8527674, 0, 1.533884
C:\Data\IMG\center_2020_06_03_13_42_09_896.jpg, C:\Data\IMG\left_2020_06_03_13_42_09_896.jpg, C:\Data\IMG\right_2020_06_03_13_42_09_896.jpg, 0, 1, 0, 3.043379
C:\Data\IMG\center_2020_06_03_13_42_10_030.jpg, C:\Data\IMG\left_2020_06_03_13_42_10_030.jpg, C:\Data\IMG\right_2020_06_03_13_42_10_030.jpg, 0, 0.5908336, 0, 4.002869
C:\Data\IMG\center_2020_06_03_13_42_10_169.jpg, C:\Data\IMG\left_2020_06_03_13_42_10_169.jpg, C:\Data\IMG\right_2020_06_03_13_42_10_169.jpg, 0, 0.1756804, 0, 4.257698
C:\Data\IMG\center_2020_06_03_13_42_10_308.jpg, C:\Data\IMG\left_2020_06_03_13_42_10_308.jpg, C:\Data\IMG\right_2020_06_03_13_42_10_308.jpg, 0, 0, 0, 4.204451
C:\Data\IMG\center_2020_06_03_13_42_10_442.jpg, C:\Data\IMG\left_2020_06_03_13_42_10_442.jpg, C:\Data\IMG\right_2020_06_03_13_42_10_442.jpg, 0, 0, 0, 4.153861
C:\Data\IMG\center_2020_06_03_13_42_10_578.jpg, C:\Data\IMG\left_2020_06_03_13_42_10_578.jpg, C:\Data\IMG\right_2020_06_03_13_42_10_578.jpg, 0.40551, 0, 0, 4.04671
C:\Data\IMG\center_2020_06_03_13_42_10_716.jpg, C:\Data\IMG\left_2020_06_03_13_42_10_716.jpg, C:\Data\IMG\right_2020_06_03_13_42_10_716.jpg, 0, 0, 0, 3.97302
C:\Data\IMG\center_2020_06_03_13_42_10_852.jpg, C:\Data\IMG\left_2020_06_03_13_42_10_852.jpg, C:\Data\IMG\right_2020_06_03_13_42_10_852.jpg, 0, 0, 0, 3.91729
C:\Data\IMG\center_2020_06_03_13_42_10_988.jpg, C:\Data\IMG\left_2020_06_03_13_42_10_988.jpg, C:\Data\IMG\right_2020_06_03_13_42_10_988.jpg, 0, 0, 0, 3.86263
C:\Data\IMG\center_2020_06_03_13_42_11_123.jpg, C:\Data\IMG\left_2020_06_03_13_42_11_123.jpg, C:\Data\IMG\right_2020_06_03_13_42_11_123.jpg, 0, 0, 0, 3.816157
C:\Data\IMG\center_2020_06_03_13_42_11_267.jpg, C:\Data\IMG\left_2020_06_03_13_42_11_267.jpg, C:\Data\IMG\right_2020_06_03_13_42_11_267.jpg, 0, 0.4286007, 0, 4.569231
C:\Data\IMG\center_2020_06_03_13_42_11_400.jpg, C:\Data\IMG\left_2020_06_03_13_42_11_400.jpg, C:\Data\IMG\right_2020_06_03_13_42_11_400.jpg, 0, 0.8295693, 0, 5.698106
C:\Data\IMG\center_2020_06_03_13_42_11_533.jpg, C:\Data\IMG\left_2020_06_03_13_42_11_533.jpg, C:\Data\IMG\right_2020_06_03_13_42_11_533.jpg, 0.3981708, 0.4313985, 0, 6.30238
C:\Data\IMG\center_2020_06_03_13_42_11_661.jpg, C:\Data\IMG\left_2020_06_03_13_42_11_661.jpg, C:\Data\IMG\right_2020_06_03_13_42_11_661.jpg, 0.0148041, 0.04803178, 0, 6.297193
C:\Data\IMG\center_2020_06_03_13_42_11_792.jpg, C:\Data\IMG\left_2020_06_03_13_42_11_792.jpg, C:\Data\IMG\right_2020_06_03_13_42_11_792.jpg, 0, 0, 0, 6.21129
C:\Data\IMG\center_2020_06_03_13_42_11_921.jpg, C:\Data\IMG\left_2020_06_03_13_42_11_921.jpg, C:\Data\IMG\right_2020_06_03_13_42_11_921.jpg, 0, 0, 0, 6.136556
C:\Data\IMG\center_2020_06_03_13_42_12_048.jpg, C:\Data\IMG\left_2020_06_03_13_42_12_048.jpg, C:\Data\IMG\right_2020_06_03_13_42_12_048.jpg, 0, 0, 0, 6.050502
C:\Data\IMG\center_2020_06_03_13_42_12_176.jpg, C:\Data\IMG\left_2020_06_03_13_42_12_176.jpg, C:\Data\IMG\right_2020_06_03_13_42_12_176.jpg, 0, 0, 0, 5.977704
C:\Data\IMG\center_2020_06_03_13_42_12_307.jpg, C:\Data\IMG\left_2020_06_03_13_42_12_307.jpg, C:\Data\IMG\right_2020_06_03_13_42_12_307.jpg, 0, 0, 0, 5.89388
C:\Data\IMG\center_2020_06_03_13_42_12_442.jpg, C:\Data\IMG\left_2020_06_03_13_42_12_442.jpg, C:\Data\IMG\right_2020_06_03_13_42_12_442.jpg, 0, 0.4028388, 0, 6.387648
C:\Data\IMG\center_2020_06_03_13_42_12_575.jpg, C:\Data\IMG\left_2020_06_03_13_42_12_575.jpg, C:\Data\IMG\right_2020_06_03_13_42_12_575.jpg, 0, 0.005989194, 0, 6.329933
C:\Data\IMG\center_2020_06_03_13_42_12_713.jpg, C:\Data\IMG\left_2020_06_03_13_42_12_713.jpg, C:\Data\IMG\right_2020_06_03_13_42_12_713.jpg, 0.4152723, 0, 0, 6.165071
C:\Data\IMG\center_2020_06_03_13_42_12_850.jpg, C:\Data\IMG\left_2020_06_03_13_42_12_850.jpg, C:\Data\IMG\right_2020_06_03_13_42_12_850.jpg, 0.003768027, 0, 0, 6.055192
C:\Data\IMG\center_2020_06_03_13_42_12_983.jpg, C:\Data\IMG\left_2020_06_03_13_42_12_983.jpg, C:\Data\IMG\right_2020_06_03_13_42_12_983.jpg, 0, 0.4010244, 0, 6.543865
C:\Data\IMG\center_2020_06_03_13_42_13_111.jpg, C:\Data\IMG\left_2020_06_03_13_42_13_111.jpg, C:\Data\IMG\right_2020_06_03_13_42_13_111.jpg, 0, 0.01769251, 0, 6.503509
C:\Data\IMG\center_2020_06_03_13_42_13_241.jpg, C:\Data\IMG\left_2020_06_03_13_42_13_241.jpg, C:\Data\IMG\right_2020_06_03_13_42_13_241.jpg, 0, 0, 0, 6.426376
C:\Data\IMG\center_2020_06_03_13_42_13_373.jpg, C:\Data\IMG\left_2020_06_03_13_42_13_373.jpg, C:\Data\IMG\right_2020_06_03_13_42_13_373.jpg, 0, 0, 0, 6.336258
C:\Data\IMG\center_2020_06_03_13_42_13_503.jpg, C:\Data\IMG\left_2020_06_03_13_42_13_503.jpg, C:\Data\IMG\right_2020_06_03_13_42_13_503.jpg, 0, 0, 0, 6.260023
C:\Data\IMG\center_2020_06_03_13_42_13_635.jpg, C:\Data\IMG\left_2020_06_03_13_42_13_635.jpg, C:\Data\IMG\right_2020_06_03_13_42_13_635.jpg, 0, 0, 0, 6.172239
C:\Data\IMG\center_2020_06_03_13_42_13_760.jpg, C:\Data\IMG\left_2020_06_03_13_42_13_760.jpg, C:\Data\IMG\right_2020_06_03_13_42_13_760.jpg, 0, 0.3776898, 0, 6.626679
C:\Data\IMG\center_2020_06_03_13_42_13_892.jpg, C:\Data\IMG\left_2020_06_03_13_42_13_892.jpg, C:\Data\IMG\right_2020_06_03_13_42_13_892.jpg, 0.3959628, 0, 0, 6.482629
C:\Data\IMG\center_2020_06_03_13_42_14_033.jpg, C:\Data\IMG\left_2020_06_03_13_42_14_033.jpg, C:\Data\IMG\right_2020_06_03_13_42_14_033.jpg, 0, 0, 0, 6.368991
C:\Data\IMG\center_2020_06_03_13_42_14_165.jpg, C:\Data\IMG\left_2020_06_03_13_42_14_165.jpg, C:\Data\IMG\right_2020_06_03_13_42_14_165.jpg, 0, 0, 0, 6.279568
C:\Data\IMG\center_2020_06_03_13_42_14_294.jpg, C:\Data\IMG\left_2020_06_03_13_42_14_294.jpg, C:\Data\IMG\right_2020_06_03_13_42_14_294.jpg, 0, 0, 0, 6.204012
C:\Data\IMG\center_2020_06_03_13_42_14_422.jpg, C:\Data\IMG\left_2020_06_03_13_42_14_422.jpg, C:\Data\IMG\right_2020_06_03_13_42_14_422.jpg, 0, 0, 0, 6.129366
C:\Data\IMG\center_2020_06_03_13_42_14_560.jpg, C:\Data\IMG\left_2020_06_03_13_42_14_560.jpg, C:\Data\IMG\right_2020_06_03_13_42_14_560.jpg, 0.4129752, 0, 0, 5.970321
C:\Data\IMG\center_2020_06_03_13_42_14_697.jpg, C:\Data\IMG\left_2020_06_03_13_42_14_697.jpg, C:\Data\IMG\right_2020_06_03_13_42_14_697.jpg, 0.002758771, 0.4102164, 0, 6.537281
C:\Data\IMG\center_2020_06_03_13_42_14_837.jpg, C:\Data\IMG\left_2020_06_03_13_42_14_837.jpg, C:\Data\IMG\right_2020_06_03_13_42_14_837.jpg, 0, 0, 0, 6.468454
C:\Data\IMG\center_2020_06_03_13_42_14_974.jpg, C:\Data\IMG\left_2020_06_03_13_42_14_974.jpg, C:\Data\IMG\right_2020_06_03_13_42_14_974.jpg, 0, 0, 0, 6.377744
C:\Data\IMG\center_2020_06_03_13_42_15_104.jpg, C:\Data\IMG\left_2020_06_03_13_42_15_104.jpg, C:\Data\IMG\right_2020_06_03_13_42_15_104.jpg, 0, 0, 0, 6.2883
C:\Data\IMG\center_2020_06_03_13_42_15_233.jpg, C:\Data\IMG\left_2020_06_03_13_42_15_233.jpg, C:\Data\IMG\right_2020_06_03_13_42_15_233.jpg, 0, 0, 0, 6.212635
C:\Data\IMG\center_2020_06_03_13_42_15_365.jpg, C:\Data\IMG\left_2020_06_03_13_42_15_365.jpg, C:\Data\IMG\right_2020_06_03_13_42_15_365.jpg, 0.3949623, 0, 0, 6.057548
C:\Data\IMG\center_2020_06_03_13_42_15_499.jpg, C:\Data\IMG\left_2020_06_03_13_42_15_499.jpg, C:\Data\IMG\right_2020_06_03_13_42_15_499.jpg, 0, 0, 0, 5.963028
C:\Data\IMG\center_2020_06_03_13_42_15_633.jpg, C:\Data\IMG\left_2020_06_03_13_42_15_633.jpg, C:\Data\IMG\right_2020_06_03_13_42_15_633.jpg, 0, 0, 0, 5.87946
C:\Data\IMG\center_2020_06_03_13_42_15_760.jpg, C:\Data\IMG\left_2020_06_03_13_42_15_760.jpg, C:\Data\IMG\right_2020_06_03_13_42_15_760.jpg, 0, 0, 0, 5.808718
C:\Data\IMG\center_2020_06_03_13_42_15_891.jpg, C:\Data\IMG\left_2020_06_03_13_42_15_891.jpg, C:\Data\IMG\right_2020_06_03_13_42_15_891.jpg, 0, 0, 0, 5.727262
C:\Data\IMG\center_2020_06_03_13_42_16_024.jpg, C:\Data\IMG\left_2020_06_03_13_42_16_024.jpg, C:\Data\IMG\right_2020_06_03_13_42_16_024.jpg, 0.3979281, 0, 0, 5.59544
C:\Data\IMG\center_2020_06_03_13_42_16_155.jpg, C:\Data\IMG\left_2020_06_03_13_42_16_155.jpg, C:\Data\IMG\right_2020_06_03_13_42_16_155.jpg, 0.003604233, 0, 0, 5.49793
C:\Data\IMG\center_2020_06_03_13_42_16_289.jpg, C:\Data\IMG\left_2020_06_03_13_42_16_289.jpg, C:\Data\IMG\right_2020_06_03_13_42_16_289.jpg, 0, 0, 0, 5.420754
C:\Data\IMG\center_2020_06_03_13_42_16_417.jpg, C:\Data\IMG\left_2020_06_03_13_42_16_417.jpg, C:\Data\IMG\right_2020_06_03_13_42_16_417.jpg, 0, 0, 0, 5.355532
C:\Data\IMG\center_2020_06_03_13_42_16_552.jpg, C:\Data\IMG\left_2020_06_03_13_42_16_552.jpg, C:\Data\IMG\right_2020_06_03_13_42_16_552.jpg, 0, 0, 0, 5.280431
C:\Data\IMG\center_2020_06_03_13_42_16_683.jpg, C:\Data\IMG\left_2020_06_03_13_42_16_683.jpg, C:\Data\IMG\right_2020_06_03_13_42_16_683.jpg, 0, 0.3918921, 0, 5.768122
C:\Data\IMG\center_2020_06_03_13_42_16_812.jpg, C:\Data\IMG\left_2020_06_03_13_42_16_812.jpg, C:\Data\IMG\right_2020_06_03_13_42_16_812.jpg, 0.3904452, 0.001446933, 0, 5.647148
C:\Data\IMG\center_2020_06_03_13_42_16_951.jpg, C:\Data\IMG\left_2020_06_03_13_42_16_951.jpg, C:\Data\IMG\right_2020_06_03_13_42_16_951.jpg, 0.8047952, 0, 0, 5.44297
C:\Data\IMG\center_2020_06_03_13_42_17_085.jpg, C:\Data\IMG\left_2020_06_03_13_42_17_085.jpg, C:\Data\IMG\right_2020_06_03_13_42_17_085.jpg, 0.4022937, 0, 0, 5.379104
C:\Data\IMG\center_2020_06_03_13_42_17_221.jpg, C:\Data\IMG\left_2020_06_03_13_42_17_221.jpg, C:\Data\IMG\right_2020_06_03_13_42_17_221.jpg, 0, 0, 0, 5.288974
C:\Data\IMG\center_2020_06_03_13_42_17_360.jpg, C:\Data\IMG\left_2020_06_03_13_42_17_360.jpg, C:\Data\IMG\right_2020_06_03_13_42_17_360.jpg, 0, 0, 0, 5.214671
C:\Data\IMG\center_2020_06_03_13_42_17_487.jpg, C:\Data\IMG\left_2020_06_03_13_42_17_487.jpg, C:\Data\IMG\right_2020_06_03_13_42_17_487.jpg, 0, 0, 0, 5.141545
C:\Data\IMG\center_2020_06_03_13_42_17_621.jpg, C:\Data\IMG\left_2020_06_03_13_42_17_621.jpg, C:\Data\IMG\right_2020_06_03_13_42_17_621.jpg, 0, 0.4015626, 0, 5.644921
C:\Data\IMG\center_2020_06_03_13_42_17_754.jpg, C:\Data\IMG\left_2020_06_03_13_42_17_754.jpg, C:\Data\IMG\right_2020_06_03_13_42_17_754.jpg, 0, 0.7991139, 0, 6.895193
C:\Data\IMG\center_2020_06_03_13_42_17_884.jpg, C:\Data\IMG\left_2020_06_03_13_42_17_884.jpg, C:\Data\IMG\right_2020_06_03_13_42_17_884.jpg, 0, 1, 0, 8.246244
C:\Data\IMG\center_2020_06_03_13_42_18_022.jpg, C:\Data\IMG\left_2020_06_03_13_42_18_022.jpg, C:\Data\IMG\right_2020_06_03_13_42_18_022.jpg, 0.4170569, 0.582943, 0, 9.044932
C:\Data\IMG\center_2020_06_03_13_42_18_161.jpg, C:\Data\IMG\left_2020_06_03_13_42_18_161.jpg, C:\Data\IMG\right_2020_06_03_13_42_18_161.jpg, 0.001721978, 0.167608, 0, 9.20191
C:\Data\IMG\center_2020_06_03_13_42_18_296.jpg, C:\Data\IMG\left_2020_06_03_13_42_18_296.jpg, C:\Data\IMG\right_2020_06_03_13_42_18_296.jpg, 0, 0, 0, 9.085217
C:\Data\IMG\center_2020_06_03_13_42_18_429.jpg, C:\Data\IMG\left_2020_06_03_13_42_18_429.jpg, C:\Data\IMG\right_2020_06_03_13_42_18_429.jpg, 0, 0, 0, 8.957793
C:\Data\IMG\center_2020_06_03_13_42_18_559.jpg, C:\Data\IMG\left_2020_06_03_13_42_18_559.jpg, C:\Data\IMG\right_2020_06_03_13_42_18_559.jpg, 0, 0.389949, 0, 9.388139
C:\Data\IMG\center_2020_06_03_13_42_18_701.jpg, C:\Data\IMG\left_2020_06_03_13_42_18_701.jpg, C:\Data\IMG\right_2020_06_03_13_42_18_701.jpg, 0, 0.8169639, 0, 10.60431
C:\Data\IMG\center_2020_06_03_13_42_18_835.jpg, C:\Data\IMG\left_2020_06_03_13_42_18_835.jpg, C:\Data\IMG\right_2020_06_03_13_42_18_835.jpg, 0.399983, 1, 0, 12.13379
C:\Data\IMG\center_2020_06_03_13_42_18_975.jpg, C:\Data\IMG\left_2020_06_03_13_42_18_975.jpg, C:\Data\IMG\right_2020_06_03_13_42_18_975.jpg, 0, 0.5795023, 0, 12.71017
C:\Data\IMG\center_2020_06_03_13_42_19_106.jpg, C:\Data\IMG\left_2020_06_03_13_42_19_106.jpg, C:\Data\IMG\right_2020_06_03_13_42_19_106.jpg, 0, 0.1944526, 0, 12.86758
C:\Data\IMG\center_2020_06_03_13_42_19_247.jpg, C:\Data\IMG\left_2020_06_03_13_42_19_247.jpg, C:\Data\IMG\right_2020_06_03_13_42_19_247.jpg, 0, 0, 0, 12.83934
C:\Data\IMG\center_2020_06_03_13_42_19_384.jpg, C:\Data\IMG\left_2020_06_03_13_42_19_384.jpg, C:\Data\IMG\right_2020_06_03_13_42_19_384.jpg, 0, 0, 0, 12.43131
C:\Data\IMG\center_2020_06_03_13_42_19_516.jpg, C:\Data\IMG\left_2020_06_03_13_42_19_516.jpg, C:\Data\IMG\right_2020_06_03_13_42_19_516.jpg, 0, 0.3948078, 0, 13.24777
C:\Data\IMG\center_2020_06_03_13_42_19_647.jpg, C:\Data\IMG\left_2020_06_03_13_42_19_647.jpg, C:\Data\IMG\right_2020_06_03_13_42_19_647.jpg, 0, 0.78654, 0, 14.16243
C:\Data\IMG\center_2020_06_03_13_42_19_776.jpg, C:\Data\IMG\left_2020_06_03_13_42_19_776.jpg, C:\Data\IMG\right_2020_06_03_13_42_19_776.jpg, 0.3936513, 1, 0, 15.38378
C:\Data\IMG\center_2020_06_03_13_42_19_903.jpg, C:\Data\IMG\left_2020_06_03_13_42_19_903.jpg, C:\Data\IMG\right_2020_06_03_13_42_19_903.jpg, 0.7824864, 0.6111649, 0, 15.68968
C:\Data\IMG\center_2020_06_03_13_42_20_036.jpg, C:\Data\IMG\left_2020_06_03_13_42_20_036.jpg, C:\Data\IMG\right_2020_06_03_13_42_20_036.jpg, 0.3892221, 0.2179006, 0, 16.08495
C:\Data\IMG\center_2020_06_03_13_42_20_168.jpg, C:\Data\IMG\left_2020_06_03_13_42_20_168.jpg, C:\Data\IMG\right_2020_06_03_13_42_20_168.jpg, 0.0002004504, 0, 0, 15.62217
C:\Data\IMG\center_2020_06_03_13_42_20_299.jpg, C:\Data\IMG\left_2020_06_03_13_42_20_299.jpg, C:\Data\IMG\right_2020_06_03_13_42_20_299.jpg, 0, 0, 0, 15.41882
C:\Data\IMG\center_2020_06_03_13_42_20_447.jpg, C:\Data\IMG\left_2020_06_03_13_42_20_447.jpg, C:\Data\IMG\right_2020_06_03_13_42_20_447.jpg, 0, 0, 0, 15.436
C:\Data\IMG\center_2020_06_03_13_42_20_587.jpg, C:\Data\IMG\left_2020_06_03_13_42_20_587.jpg, C:\Data\IMG\right_2020_06_03_13_42_20_587.jpg, 0, 0, 0, 14.977
C:\Data\IMG\center_2020_06_03_13_42_20_716.jpg, C:\Data\IMG\left_2020_06_03_13_42_20_716.jpg, C:\Data\IMG\right_2020_06_03_13_42_20_716.jpg, 0, 0, 0, 15.00812
C:\Data\IMG\center_2020_06_03_13_42_20_850.jpg, C:\Data\IMG\left_2020_06_03_13_42_20_850.jpg, C:\Data\IMG\right_2020_06_03_13_42_20_850.jpg, 0, 0, 0, 14.58053
C:\Data\IMG\center_2020_06_03_13_42_20_985.jpg, C:\Data\IMG\left_2020_06_03_13_42_20_985.jpg, C:\Data\IMG\right_2020_06_03_13_42_20_985.jpg, 0, 0, 0, 14.41774
C:\Data\IMG\center_2020_06_03_13_42_21_117.jpg, C:\Data\IMG\left_2020_06_03_13_42_21_117.jpg, C:\Data\IMG\right_2020_06_03_13_42_21_117.jpg, 0, 0, 0, 14.43097
C:\Data\IMG\center_2020_06_03_13_42_21_247.jpg, C:\Data\IMG\left_2020_06_03_13_42_21_247.jpg, C:\Data\IMG\right_2020_06_03_13_42_21_247.jpg, 0, 0, 0, 14.24713
C:\Data\IMG\center_2020_06_03_13_42_21_385.jpg, C:\Data\IMG\left_2020_06_03_13_42_21_385.jpg, C:\Data\IMG\right_2020_06_03_13_42_21_385.jpg, 0, 0, 0, 13.83628
C:\Data\IMG\center_2020_06_03_13_42_21_524.jpg, C:\Data\IMG\left_2020_06_03_13_42_21_524.jpg, C:\Data\IMG\right_2020_06_03_13_42_21_524.jpg, 0, 0, 0, 13.85367
C:\Data\IMG\center_2020_06_03_13_42_21_661.jpg, C:\Data\IMG\left_2020_06_03_13_42_21_661.jpg, C:\Data\IMG\right_2020_06_03_13_42_21_661.jpg, 0, 0, 0, 13.45662
C:\Data\IMG\center_2020_06_03_13_42_21_793.jpg, C:\Data\IMG\left_2020_06_03_13_42_21_793.jpg, C:\Data\IMG\right_2020_06_03_13_42_21_793.jpg, 0, 0, 0, 13.45693
C:\Data\IMG\center_2020_06_03_13_42_21_929.jpg, C:\Data\IMG\left_2020_06_03_13_42_21_929.jpg, C:\Data\IMG\right_2020_06_03_13_42_21_929.jpg, 0, 0, 0, 13.26906
C:\Data\IMG\center_2020_06_03_13_42_22_066.jpg, C:\Data\IMG\left_2020_06_03_13_42_22_066.jpg, C:\Data\IMG\right_2020_06_03_13_42_22_066.jpg, 0, 0, 0, 12.82987
C:\Data\IMG\center_2020_06_03_13_42_22_200.jpg, C:\Data\IMG\left_2020_06_03_13_42_22_200.jpg, C:\Data\IMG\right_2020_06_03_13_42_22_200.jpg, 0, 0, 0, 12.89357
C:\Data\IMG\center_2020_06_03_13_42_22_336.jpg, C:\Data\IMG\left_2020_06_03_13_42_22_336.jpg, C:\Data\IMG\right_2020_06_03_13_42_22_336.jpg, 0, 0, 0, 12.46077
C:\Data\IMG\center_2020_06_03_13_42_22_483.jpg, C:\Data\IMG\left_2020_06_03_13_42_22_483.jpg, C:\Data\IMG\right_2020_06_03_13_42_22_483.jpg, 0, 0, 0, 12.53079
C:\Data\IMG\center_2020_06_03_13_42_22_616.jpg, C:\Data\IMG\left_2020_06_03_13_42_22_616.jpg, C:\Data\IMG\right_2020_06_03_13_42_22_616.jpg, 0, 0, 0, 12.10827
C:\Data\IMG\center_2020_06_03_13_42_22_753.jpg, C:\Data\IMG\left_2020_06_03_13_42_22_753.jpg, C:\Data\IMG\right_2020_06_03_13_42_22_753.jpg, 0, 0, 0, 12.1868
C:\Data\IMG\center_2020_06_03_13_42_22_887.jpg, C:\Data\IMG\left_2020_06_03_13_42_22_887.jpg, C:\Data\IMG\right_2020_06_03_13_42_22_887.jpg, 0, 0, 0, 11.77638
C:\Data\IMG\center_2020_06_03_13_42_23_028.jpg, C:\Data\IMG\left_2020_06_03_13_42_23_028.jpg, C:\Data\IMG\right_2020_06_03_13_42_23_028.jpg, 0.4179105, 0, 0, 11.58032
C:\Data\IMG\center_2020_06_03_13_42_23_164.jpg, C:\Data\IMG\left_2020_06_03_13_42_23_164.jpg, C:\Data\IMG\right_2020_06_03_13_42_23_164.jpg, 0.008677214, 0, 0, 11.50282
C:\Data\IMG\center_2020_06_03_13_42_23_295.jpg, C:\Data\IMG\left_2020_06_03_13_42_23_295.jpg, C:\Data\IMG\right_2020_06_03_13_42_23_295.jpg, 0, 0, 0, 11.33489
C:\Data\IMG\center_2020_06_03_13_42_23_428.jpg, C:\Data\IMG\left_2020_06_03_13_42_23_428.jpg, C:\Data\IMG\right_2020_06_03_13_42_23_428.jpg, 0, 0, 0, 11.32588
C:\Data\IMG\center_2020_06_03_13_42_23_563.jpg, C:\Data\IMG\left_2020_06_03_13_42_23_563.jpg, C:\Data\IMG\right_2020_06_03_13_42_23_563.jpg, 0, 0, 0, 11.05982
C:\Data\IMG\center_2020_06_03_13_42_23_692.jpg, C:\Data\IMG\left_2020_06_03_13_42_23_692.jpg, C:\Data\IMG\right_2020_06_03_13_42_23_692.jpg, 0, 0, 0, 10.9047
C:\Data\IMG\center_2020_06_03_13_42_23_825.jpg, C:\Data\IMG\left_2020_06_03_13_42_23_825.jpg, C:\Data\IMG\right_2020_06_03_13_42_23_825.jpg, 0.4005417, 0, 0, 10.63668
C:\Data\IMG\center_2020_06_03_13_42_23_957.jpg, C:\Data\IMG\left_2020_06_03_13_42_23_957.jpg, C:\Data\IMG\right_2020_06_03_13_42_23_957.jpg, 0.7966948, 0, 0, 10.29329
C:\Data\IMG\center_2020_06_03_13_42_24_091.jpg, C:\Data\IMG\left_2020_06_03_13_42_24_091.jpg, C:\Data\IMG\right_2020_06_03_13_42_24_091.jpg, 0.3951331, 0, 0, 10.17532
C:\Data\IMG\center_2020_06_03_13_42_24_221.jpg, C:\Data\IMG\left_2020_06_03_13_42_24_221.jpg, C:\Data\IMG\right_2020_06_03_13_42_24_221.jpg, 0.005804777, 0, 0, 10.00853
C:\Data\IMG\center_2020_06_03_13_42_24_358.jpg, C:\Data\IMG\left_2020_06_03_13_42_24_358.jpg, C:\Data\IMG\right_2020_06_03_13_42_24_358.jpg, 0, 0, 0, 9.866434
C:\Data\IMG\center_2020_06_03_13_42_24_488.jpg, C:\Data\IMG\left_2020_06_03_13_42_24_488.jpg, C:\Data\IMG\right_2020_06_03_13_42_24_488.jpg, 0, 0, 0, 9.72817
C:\Data\IMG\center_2020_06_03_13_42_24_623.jpg, C:\Data\IMG\left_2020_06_03_13_42_24_623.jpg, C:\Data\IMG\right_2020_06_03_13_42_24_623.jpg, 0, 0, 0, 9.611095
C:\Data\IMG\center_2020_06_03_13_42_24_759.jpg, C:\Data\IMG\left_2020_06_03_13_42_24_759.jpg, C:\Data\IMG\right_2020_06_03_13_42_24_759.jpg, 0, 0, 0, 9.476291
C:\Data\IMG\center_2020_06_03_13_42_24_900.jpg, C:\Data\IMG\left_2020_06_03_13_42_24_900.jpg, C:\Data\IMG\right_2020_06_03_13_42_24_900.jpg, 0, 0, 0, 9.343377
C:\Data\IMG\center_2020_06_03_13_42_25_031.jpg, C:\Data\IMG\left_2020_06_03_13_42_25_031.jpg, C:\Data\IMG\right_2020_06_03_13_42_25_031.jpg, 0.3942156, 0, 0, 9.114464
C:\Data\IMG\center_2020_06_03_13_42_25_162.jpg, C:\Data\IMG\left_2020_06_03_13_42_25_162.jpg, C:\Data\IMG\right_2020_06_03_13_42_25_162.jpg, 0.0003549159, 0, 0, 8.978431
C:\Data\IMG\center_2020_06_03_13_42_25_297.jpg, C:\Data\IMG\left_2020_06_03_13_42_25_297.jpg, C:\Data\IMG\right_2020_06_03_13_42_25_297.jpg, 0, 0, 0, 8.85181
C:\Data\IMG\center_2020_06_03_13_42_25_429.jpg, C:\Data\IMG\left_2020_06_03_13_42_25_429.jpg, C:\Data\IMG\right_2020_06_03_13_42_25_429.jpg, 0, 0, 0, 8.727645
C:\Data\IMG\center_2020_06_03_13_42_25_562.jpg, C:\Data\IMG\left_2020_06_03_13_42_25_562.jpg, C:\Data\IMG\right_2020_06_03_13_42_25_562.jpg, 0, 0, 0, 8.622615
C:\Data\IMG\center_2020_06_03_13_42_25_687.jpg, C:\Data\IMG\left_2020_06_03_13_42_25_687.jpg, C:\Data\IMG\right_2020_06_03_13_42_25_687.jpg, 0, 0, 0, 8.50168
C:\Data\IMG\center_2020_06_03_13_42_25_824.jpg, C:\Data\IMG\left_2020_06_03_13_42_25_824.jpg, C:\Data\IMG\right_2020_06_03_13_42_25_824.jpg, 0.4124757, 0, 0, 8.284204
C:\Data\IMG\center_2020_06_03_13_42_25_960.jpg, C:\Data\IMG\left_2020_06_03_13_42_25_960.jpg, C:\Data\IMG\right_2020_06_03_13_42_25_960.jpg, 0.8194225, 0, 0, 8.007153
C:\Data\IMG\center_2020_06_03_13_42_26_098.jpg, C:\Data\IMG\left_2020_06_03_13_42_26_098.jpg, C:\Data\IMG\right_2020_06_03_13_42_26_098.jpg, 0.4056462, 0, 0, 7.915577
C:\Data\IMG\center_2020_06_03_13_42_26_230.jpg, C:\Data\IMG\left_2020_06_03_13_42_26_230.jpg, C:\Data\IMG\right_2020_06_03_13_42_26_230.jpg, 0.008678675, 0, 0, 7.768289
C:\Data\IMG\center_2020_06_03_13_42_26_359.jpg, C:\Data\IMG\left_2020_06_03_13_42_26_359.jpg, C:\Data\IMG\right_2020_06_03_13_42_26_359.jpg, 0, 0, 0, 7.674307
C:\Data\IMG\center_2020_06_03_13_42_26_494.jpg, C:\Data\IMG\left_2020_06_03_13_42_26_494.jpg, C:\Data\IMG\right_2020_06_03_13_42_26_494.jpg, 0, 0, 0, 7.566647
C:\Data\IMG\center_2020_06_03_13_42_26_622.jpg, C:\Data\IMG\left_2020_06_03_13_42_26_622.jpg, C:\Data\IMG\right_2020_06_03_13_42_26_622.jpg, 0, 0, 0, 7.475718
C:\Data\IMG\center_2020_06_03_13_42_26_755.jpg, C:\Data\IMG\left_2020_06_03_13_42_26_755.jpg, C:\Data\IMG\right_2020_06_03_13_42_26_755.jpg, 0, 0, 0, 7.370996
C:\Data\IMG\center_2020_06_03_13_42_26_883.jpg, C:\Data\IMG\left_2020_06_03_13_42_26_883.jpg, C:\Data\IMG\right_2020_06_03_13_42_26_883.jpg, 0.384021, 0, 0, 7.208852
C:\Data\IMG\center_2020_06_03_13_42_27_013.jpg, C:\Data\IMG\left_2020_06_03_13_42_27_013.jpg, C:\Data\IMG\right_2020_06_03_13_42_27_013.jpg, 0, 0, 0, 7.086599
C:\Data\IMG\center_2020_06_03_13_42_27_135.jpg, C:\Data\IMG\left_2020_06_03_13_42_27_135.jpg, C:\Data\IMG\right_2020_06_03_13_42_27_135.jpg, 0, 0, 0, 7.001167
C:\Data\IMG\center_2020_06_03_13_42_27_267.jpg, C:\Data\IMG\left_2020_06_03_13_42_27_267.jpg, C:\Data\IMG\right_2020_06_03_13_42_27_267.jpg, 0, 0, 0, 6.902968
C:\Data\IMG\center_2020_06_03_13_42_27_397.jpg, C:\Data\IMG\left_2020_06_03_13_42_27_397.jpg, C:\Data\IMG\right_2020_06_03_13_42_27_397.jpg, 0, 0, 0, 6.819896
C:\Data\IMG\center_2020_06_03_13_42_27_525.jpg, C:\Data\IMG\left_2020_06_03_13_42_27_525.jpg, C:\Data\IMG\right_2020_06_03_13_42_27_525.jpg, 0.3825027, 0, 0, 6.65479
C:\Data\IMG\center_2020_06_03_13_42_27_655.jpg, C:\Data\IMG\left_2020_06_03_13_42_27_655.jpg, C:\Data\IMG\right_2020_06_03_13_42_27_655.jpg, 0.7729647, 0, 0, 6.446305
C:\Data\IMG\center_2020_06_03_13_42_27_787.jpg, C:\Data\IMG\left_2020_06_03_13_42_27_787.jpg, C:\Data\IMG\right_2020_06_03_13_42_27_787.jpg, 0.3765066, 0, 0, 6.369737
C:\Data\IMG\center_2020_06_03_13_42_27_916.jpg, C:\Data\IMG\left_2020_06_03_13_42_27_916.jpg, C:\Data\IMG\right_2020_06_03_13_42_27_916.jpg, 0, 0, 0, 6.266337
C:\Data\IMG\center_2020_06_03_13_42_28_039.jpg, C:\Data\IMG\left_2020_06_03_13_42_28_039.jpg, C:\Data\IMG\right_2020_06_03_13_42_28_039.jpg, 0, 0, 0, 6.190676
C:\Data\IMG\center_2020_06_03_13_42_28_170.jpg, C:\Data\IMG\left_2020_06_03_13_42_28_170.jpg, C:\Data\IMG\right_2020_06_03_13_42_28_170.jpg, 0, 0, 0, 6.104224
C:\Data\IMG\center_2020_06_03_13_42_28_299.jpg, C:\Data\IMG\left_2020_06_03_13_42_28_299.jpg, C:\Data\IMG\right_2020_06_03_13_42_28_299.jpg, 0.3870708, 0, 0, 5.967987
C:\Data\IMG\center_2020_06_03_13_42_28_429.jpg, C:\Data\IMG\left_2020_06_03_13_42_28_429.jpg, C:\Data\IMG\right_2020_06_03_13_42_28_429.jpg, 0.7768832, 0, 0, 5.761418
C:\Data\IMG\center_2020_06_03_13_42_28_561.jpg, C:\Data\IMG\left_2020_06_03_13_42_28_561.jpg, C:\Data\IMG\right_2020_06_03_13_42_28_561.jpg, 0.3788049, 0, 0, 5.703071
C:\Data\IMG\center_2020_06_03_13_42_28_689.jpg, C:\Data\IMG\left_2020_06_03_13_42_28_689.jpg, C:\Data\IMG\right_2020_06_03_13_42_28_689.jpg, 0, 0, 0, 5.597645
C:\Data\IMG\center_2020_06_03_13_42_28_814.jpg, C:\Data\IMG\left_2020_06_03_13_42_28_814.jpg, C:\Data\IMG\right_2020_06_03_13_42_28_814.jpg, 0, 0, 0, 5.5302
C:\Data\IMG\center_2020_06_03_13_42_28_945.jpg, C:\Data\IMG\left_2020_06_03_13_42_28_945.jpg, C:\Data\IMG\right_2020_06_03_13_42_28_945.jpg, 0, 0, 0, 5.452627
C:\Data\IMG\center_2020_06_03_13_42_29_078.jpg, C:\Data\IMG\left_2020_06_03_13_42_29_078.jpg, C:\Data\IMG\right_2020_06_03_13_42_29_078.jpg, 0, 0, 0, 5.387002
C:\Data\IMG\center_2020_06_03_13_42_29_206.jpg, C:\Data\IMG\left_2020_06_03_13_42_29_206.jpg, C:\Data\IMG\right_2020_06_03_13_42_29_206.jpg, 0.3849582, 0, 0, 5.254983
C:\Data\IMG\center_2020_06_03_13_42_29_338.jpg, C:\Data\IMG\left_2020_06_03_13_42_29_338.jpg, C:\Data\IMG\right_2020_06_03_13_42_29_338.jpg, 0.7800222, 0, 0, 5.087736
C:\Data\IMG\center_2020_06_03_13_42_29_465.jpg, C:\Data\IMG\left_2020_06_03_13_42_29_465.jpg, C:\Data\IMG\right_2020_06_03_13_42_29_465.jpg, 0.3989415, 0, 0, 5.028349
C:\Data\IMG\center_2020_06_03_13_42_29_593.jpg, C:\Data\IMG\left_2020_06_03_13_42_29_593.jpg, C:\Data\IMG\right_2020_06_03_13_42_29_593.jpg, 0.01260179, 0, 0, 4.947184
C:\Data\IMG\center_2020_06_03_13_42_29_726.jpg, C:\Data\IMG\left_2020_06_03_13_42_29_726.jpg, C:\Data\IMG\right_2020_06_03_13_42_29_726.jpg, 0, 0, 0, 4.877605
C:\Data\IMG\center_2020_06_03_13_42_29_851.jpg, C:\Data\IMG\left_2020_06_03_13_42_29_851.jpg, C:\Data\IMG\right_2020_06_03_13_42_29_851.jpg, 0.3792393, 0, 0, 4.770064
C:\Data\IMG\center_2020_06_03_13_42_29_986.jpg, C:\Data\IMG\left_2020_06_03_13_42_29_986.jpg, C:\Data\IMG\right_2020_06_03_13_42_29_986.jpg, 0, 0, 0, 4.687059
C:\Data\IMG\center_2020_06_03_13_42_30_113.jpg, C:\Data\IMG\left_2020_06_03_13_42_30_113.jpg, C:\Data\IMG\right_2020_06_03_13_42_30_113.jpg, 0, 0, 0, 4.630635
C:\Data\IMG\center_2020_06_03_13_42_30_244.jpg, C:\Data\IMG\left_2020_06_03_13_42_30_244.jpg, C:\Data\IMG\right_2020_06_03_13_42_30_244.jpg, 0, 0, 0, 4.574913
C:\Data\IMG\center_2020_06_03_13_42_30_373.jpg, C:\Data\IMG\left_2020_06_03_13_42_30_373.jpg, C:\Data\IMG\right_2020_06_03_13_42_30_373.jpg, 0, 0, 0, 4.510752
C:\Data\IMG\center_2020_06_03_13_42_30_504.jpg, C:\Data\IMG\left_2020_06_03_13_42_30_504.jpg, C:\Data\IMG\right_2020_06_03_13_42_30_504.jpg, 0, 0, 0, 4.456474
C:\Data\IMG\center_2020_06_03_13_42_30_632.jpg, C:\Data\IMG\left_2020_06_03_13_42_30_632.jpg, C:\Data\IMG\right_2020_06_03_13_42_30_632.jpg, 0.3857502, 0, 0, 4.346657
C:\Data\IMG\center_2020_06_03_13_42_30_763.jpg, C:\Data\IMG\left_2020_06_03_13_42_30_763.jpg, C:\Data\IMG\right_2020_06_03_13_42_30_763.jpg, 0, 0, 0, 4.278128
C:\Data\IMG\center_2020_06_03_13_42_30_893.jpg, C:\Data\IMG\left_2020_06_03_13_42_30_893.jpg, C:\Data\IMG\right_2020_06_03_13_42_30_893.jpg, 0, 0, 0, 4.218086
C:\Data\IMG\center_2020_06_03_13_42_31_028.jpg, C:\Data\IMG\left_2020_06_03_13_42_31_028.jpg, C:\Data\IMG\right_2020_06_03_13_42_31_028.jpg, 0, 0, 0, 4.158928
C:\Data\IMG\center_2020_06_03_13_42_31_162.jpg, C:\Data\IMG\left_2020_06_03_13_42_31_162.jpg, C:\Data\IMG\right_2020_06_03_13_42_31_162.jpg, 0, 0, 0, 4.108883
C:\Data\IMG\center_2020_06_03_13_42_31_306.jpg, C:\Data\IMG\left_2020_06_03_13_42_31_306.jpg, C:\Data\IMG\right_2020_06_03_13_42_31_306.jpg, 0.4269216, 0, 0, 3.989493
C:\Data\IMG\center_2020_06_03_13_42_31_448.jpg, C:\Data\IMG\left_2020_06_03_13_42_31_448.jpg, C:\Data\IMG\right_2020_06_03_13_42_31_448.jpg, 0.0004206002, 0, 0, 3.914809
C:\Data\IMG\center_2020_06_03_13_42_31_576.jpg, C:\Data\IMG\left_2020_06_03_13_42_31_576.jpg, C:\Data\IMG\right_2020_06_03_13_42_31_576.jpg, 0, 0, 0, 3.867687
C:\Data\IMG\center_2020_06_03_13_42_31_704.jpg, C:\Data\IMG\left_2020_06_03_13_42_31_704.jpg, C:\Data\IMG\right_2020_06_03_13_42_31_704.jpg, 0, 0, 0, 3.813441
C:\Data\IMG\center_2020_06_03_13_42_31_834.jpg, C:\Data\IMG\left_2020_06_03_13_42_31_834.jpg, C:\Data\IMG\right_2020_06_03_13_42_31_834.jpg, 0.390138, 0, 0, 3.726209
C:\Data\IMG\center_2020_06_03_13_42_31_964.jpg, C:\Data\IMG\left_2020_06_03_13_42_31_964.jpg, C:\Data\IMG\right_2020_06_03_13_42_31_964.jpg, 0.7792361, 0, 0, 3.606583
C:\Data\IMG\center_2020_06_03_13_42_32_094.jpg, C:\Data\IMG\left_2020_06_03_13_42_32_094.jpg, C:\Data\IMG\right_2020_06_03_13_42_32_094.jpg, 0.3905645, 0, 0, 3.563363
C:\Data\IMG\center_2020_06_03_13_42_32_232.jpg, C:\Data\IMG\left_2020_06_03_13_42_32_232.jpg, C:\Data\IMG\right_2020_06_03_13_42_32_232.jpg, 0.804446, 0, 0, 3.436372
C:\Data\IMG\center_2020_06_03_13_42_32_359.jpg, C:\Data\IMG\left_2020_06_03_13_42_32_359.jpg, C:\Data\IMG\right_2020_06_03_13_42_32_359.jpg, 1, 0, 0, 3.340322
C:\Data\IMG\center_2020_06_03_13_42_32_490.jpg, C:\Data\IMG\left_2020_06_03_13_42_32_490.jpg, C:\Data\IMG\right_2020_06_03_13_42_32_490.jpg, 0.610666, 0, 0, 3.306818
C:\Data\IMG\center_2020_06_03_13_42_32_619.jpg, C:\Data\IMG\left_2020_06_03_13_42_32_619.jpg, C:\Data\IMG\right_2020_06_03_13_42_32_619.jpg, 0.2221735, 0, 0, 3.264922
C:\Data\IMG\center_2020_06_03_13_42_32_756.jpg, C:\Data\IMG\left_2020_06_03_13_42_32_756.jpg, C:\Data\IMG\right_2020_06_03_13_42_32_756.jpg, 0.6324989, 0, 0, 3.165233
C:\Data\IMG\center_2020_06_03_13_42_32_884.jpg, C:\Data\IMG\left_2020_06_03_13_42_32_884.jpg, C:\Data\IMG\right_2020_06_03_13_42_32_884.jpg, 0.2482673, 0, 0, 3.127162
C:\Data\IMG\center_2020_06_03_13_42_33_011.jpg, C:\Data\IMG\left_2020_06_03_13_42_33_011.jpg, C:\Data\IMG\right_2020_06_03_13_42_33_011.jpg, 0, 0.3834237, 0, 3.713689
C:\Data\IMG\center_2020_06_03_13_42_33_141.jpg, C:\Data\IMG\left_2020_06_03_13_42_33_141.jpg, C:\Data\IMG\right_2020_06_03_13_42_33_141.jpg, 0, 0.7737081, 0, 4.778365
C:\Data\IMG\center_2020_06_03_13_42_33_270.jpg, C:\Data\IMG\left_2020_06_03_13_42_33_270.jpg, C:\Data\IMG\right_2020_06_03_13_42_33_270.jpg, 0, 0.3889104, 0, 5.386158
C:\Data\IMG\center_2020_06_03_13_42_33_396.jpg, C:\Data\IMG\left_2020_06_03_13_42_33_396.jpg, C:\Data\IMG\right_2020_06_03_13_42_33_396.jpg, 0.3805569, 0.008353502, 0, 5.296919
C:\Data\IMG\center_2020_06_03_13_42_33_525.jpg, C:\Data\IMG\left_2020_06_03_13_42_33_525.jpg, C:\Data\IMG\right_2020_06_03_13_42_33_525.jpg, 0, 0, 0, 5.205719
C:\Data\IMG\center_2020_06_03_13_42_33_654.jpg, C:\Data\IMG\left_2020_06_03_13_42_33_654.jpg, C:\Data\IMG\right_2020_06_03_13_42_33_654.jpg, 0, 0.3863937, 0, 5.686791
C:\Data\IMG\center_2020_06_03_13_42_33_785.jpg, C:\Data\IMG\left_2020_06_03_13_42_33_785.jpg, C:\Data\IMG\right_2020_06_03_13_42_33_785.jpg, 0.3928677, 0, 0, 5.564515
C:\Data\IMG\center_2020_06_03_13_42_33_912.jpg, C:\Data\IMG\left_2020_06_03_13_42_33_912.jpg, C:\Data\IMG\right_2020_06_03_13_42_33_912.jpg, 0.0112524, 0, 0, 5.47951
C:\Data\IMG\center_2020_06_03_13_42_34_044.jpg, C:\Data\IMG\left_2020_06_03_13_42_34_044.jpg, C:\Data\IMG\right_2020_06_03_13_42_34_044.jpg, 0.4060887, 0, 0, 5.358618
C:\Data\IMG\center_2020_06_03_13_42_34_175.jpg, C:\Data\IMG\left_2020_06_03_13_42_34_175.jpg, C:\Data\IMG\right_2020_06_03_13_42_34_175.jpg, 0.01151493, 0, 0, 5.265393
C:\Data\IMG\center_2020_06_03_13_42_34_304.jpg, C:\Data\IMG\left_2020_06_03_13_42_34_304.jpg, C:\Data\IMG\right_2020_06_03_13_42_34_304.jpg, 0, 0, 0, 5.191445
C:\Data\IMG\center_2020_06_03_13_42_34_429.jpg, C:\Data\IMG\left_2020_06_03_13_42_34_429.jpg, C:\Data\IMG\right_2020_06_03_13_42_34_429.jpg, 0.3744594, 0, 0, 5.078515
C:\Data\IMG\center_2020_06_03_13_42_34_556.jpg, C:\Data\IMG\left_2020_06_03_13_42_34_556.jpg, C:\Data\IMG\right_2020_06_03_13_42_34_556.jpg, 0.7572228, 0, 0, 4.920946
C:\Data\IMG\center_2020_06_03_13_42_34_688.jpg, C:\Data\IMG\left_2020_06_03_13_42_34_688.jpg, C:\Data\IMG\right_2020_06_03_13_42_34_688.jpg, 1, 0, 0, 4.758837
C:\Data\IMG\center_2020_06_03_13_42_34_820.jpg, C:\Data\IMG\left_2020_06_03_13_42_34_820.jpg, C:\Data\IMG\right_2020_06_03_13_42_34_820.jpg, 1, 0, 0, 4.674582
C:\Data\IMG\center_2020_06_03_13_42_34_952.jpg, C:\Data\IMG\left_2020_06_03_13_42_34_952.jpg, C:\Data\IMG\right_2020_06_03_13_42_34_952.jpg, 0.6040945, 0, 0, 4.628584
C:\Data\IMG\center_2020_06_03_13_42_35_080.jpg, C:\Data\IMG\left_2020_06_03_13_42_35_080.jpg, C:\Data\IMG\right_2020_06_03_13_42_35_080.jpg, 0.2200054, 0, 0, 4.569674
C:\Data\IMG\center_2020_06_03_13_42_35_217.jpg, C:\Data\IMG\left_2020_06_03_13_42_35_217.jpg, C:\Data\IMG\right_2020_06_03_13_42_35_217.jpg, 0, 0, 0, 4.498423
C:\Data\IMG\center_2020_06_03_13_42_35_349.jpg, C:\Data\IMG\left_2020_06_03_13_42_35_349.jpg, C:\Data\IMG\right_2020_06_03_13_42_35_349.jpg, 0, 0, 0, 4.435351
C:\Data\IMG\center_2020_06_03_13_42_35_477.jpg, C:\Data\IMG\left_2020_06_03_13_42_35_477.jpg, C:\Data\IMG\right_2020_06_03_13_42_35_477.jpg, 0, 0, 0, 4.382003
C:\Data\IMG\center_2020_06_03_13_42_35_608.jpg, C:\Data\IMG\left_2020_06_03_13_42_35_608.jpg, C:\Data\IMG\right_2020_06_03_13_42_35_608.jpg, 0, 0, 0, 4.320574
C:\Data\IMG\center_2020_06_03_13_42_35_738.jpg, C:\Data\IMG\left_2020_06_03_13_42_35_738.jpg, C:\Data\IMG\right_2020_06_03_13_42_35_738.jpg, 0, 0, 0, 4.268604
C:\Data\IMG\center_2020_06_03_13_42_35_870.jpg, C:\Data\IMG\left_2020_06_03_13_42_35_870.jpg, C:\Data\IMG\right_2020_06_03_13_42_35_870.jpg, 0, 0, 0, 4.208762
C:\Data\IMG\center_2020_06_03_13_42_36_010.jpg, C:\Data\IMG\left_2020_06_03_13_42_36_010.jpg, C:\Data\IMG\right_2020_06_03_13_42_36_010.jpg, 0.42144, 0, 0, 4.096231
C:\Data\IMG\center_2020_06_03_13_42_36_156.jpg, C:\Data\IMG\left_2020_06_03_13_42_36_156.jpg, C:\Data\IMG\right_2020_06_03_13_42_36_156.jpg, 0, 0, 0, 4.020302
C:\Data\IMG\center_2020_06_03_13_42_36_290.jpg, C:\Data\IMG\left_2020_06_03_13_42_36_290.jpg, C:\Data\IMG\right_2020_06_03_13_42_36_290.jpg, 0, 0, 0, 3.963517
C:\Data\IMG\center_2020_06_03_13_42_36_432.jpg, C:\Data\IMG\left_2020_06_03_13_42_36_432.jpg, C:\Data\IMG\right_2020_06_03_13_42_36_432.jpg, 0, 0, 0, 3.907965
C:\Data\IMG\center_2020_06_03_13_42_36_572.jpg, C:\Data\IMG\left_2020_06_03_13_42_36_572.jpg, C:\Data\IMG\right_2020_06_03_13_42_36_572.jpg, 0, 0, 0, 3.85319
C:\Data\IMG\center_2020_06_03_13_42_36_715.jpg, C:\Data\IMG\left_2020_06_03_13_42_36_715.jpg, C:\Data\IMG\right_2020_06_03_13_42_36_715.jpg, 0.4308867, 0, 0, 3.747708
C:\Data\IMG\center_2020_06_03_13_42_36_855.jpg, C:\Data\IMG\left_2020_06_03_13_42_36_855.jpg, C:\Data\IMG\right_2020_06_03_13_42_36_855.jpg, 0.01136819, 0, 0, 3.678933
C:\Data\IMG\center_2020_06_03_13_42_37_000.jpg, C:\Data\IMG\left_2020_06_03_13_42_37_000.jpg, C:\Data\IMG\right_2020_06_03_13_42_37_000.jpg, 0.4440297, 0, 0, 3.578287
C:\Data\IMG\center_2020_06_03_13_42_37_133.jpg, C:\Data\IMG\left_2020_06_03_13_42_37_133.jpg, C:\Data\IMG\right_2020_06_03_13_42_37_133.jpg, 0.04233178, 0, 0, 3.515754
C:\Data\IMG\center_2020_06_03_13_42_37_283.jpg, C:\Data\IMG\left_2020_06_03_13_42_37_283.jpg, C:\Data\IMG\right_2020_06_03_13_42_37_283.jpg, 0.4903083, 0, 0, 3.41347
C:\Data\IMG\center_2020_06_03_13_42_37_413.jpg, C:\Data\IMG\left_2020_06_03_13_42_37_413.jpg, C:\Data\IMG\right_2020_06_03_13_42_37_413.jpg, 0.09804091, 0, 0, 3.357506
C:\Data\IMG\center_2020_06_03_13_42_37_565.jpg, C:\Data\IMG\left_2020_06_03_13_42_37_565.jpg, C:\Data\IMG\right_2020_06_03_13_42_37_565.jpg, 0, 0, 0, 3.302777
C:\Data\IMG\center_2020_06_03_13_42_37_706.jpg, C:\Data\IMG\left_2020_06_03_13_42_37_706.jpg, C:\Data\IMG\right_2020_06_03_13_42_37_706.jpg, 0, 0, 0, 3.256488
C:\Data\IMG\center_2020_06_03_13_42_37_848.jpg, C:\Data\IMG\left_2020_06_03_13_42_37_848.jpg, C:\Data\IMG\right_2020_06_03_13_42_37_848.jpg, 0, 0, 0, 3.210848
C:\Data\IMG\center_2020_06_03_13_42_37_988.jpg, C:\Data\IMG\left_2020_06_03_13_42_37_988.jpg, C:\Data\IMG\right_2020_06_03_13_42_37_988.jpg, 0, 0, 0, 3.165848
C:\Data\IMG\center_2020_06_03_13_42_38_131.jpg, C:\Data\IMG\left_2020_06_03_13_42_38_131.jpg, C:\Data\IMG\right_2020_06_03_13_42_38_131.jpg, 0, 0, 0, 3.121479
C:\Data\IMG\center_2020_06_03_13_42_38_274.jpg, C:\Data\IMG\left_2020_06_03_13_42_38_274.jpg, C:\Data\IMG\right_2020_06_03_13_42_38_274.jpg, 0, 0, 0, 3.077732
C:\Data\IMG\center_2020_06_03_13_42_38_432.jpg, C:\Data\IMG\left_2020_06_03_13_42_38_432.jpg, C:\Data\IMG\right_2020_06_03_13_42_38_432.jpg, 0, 0, 0, 3.028487
